price;city;neighborhood;bedrooms;garage
189000.0;araucária;iguaçu;2;1
310000.0;araucária;centro;2;1
194000.0;curitiba;santa cândida;2;1
3850000.0;curitiba;ecoville;4;4
2712000.0;curitiba;ecoville;3;4
2980000.0;curitiba;ecoville;3;4
1640000.0;curitiba;champagnat;3;3
3933000.0;curitiba;ecoville;4;4
175000.0;são josé dos pinhais;boneca do iguacu;2;1
3900000.0;curitiba;batel;4;4
225000.0;curitiba;alto boqueirão;2;2
1050000.0;curitiba;batel;2;1
299000.0;araucária;centro;2;1
1526112.0;curitiba;cabral;3;2
1037442.0;curitiba;batel;1;1
1150000.0;curitiba;batel;4;2
520000.0;curitiba;alto da rua xv;2;1
950000.0;curitiba;batel;4;2
1590000.0;curitiba;juvevê;3;3
1200000.0;curitiba;juvevê;3;2
401000.0;curitiba;centro;2;1
9048629.0;curitiba;cabral;4;4
230000.0;curitiba;uberaba;2;2
162000.0;curitiba;cidade industrial de curitiba;2;1
135000.0;curitiba;campo comprido;2;1
220000.0;são josé dos pinhais;jardim monte líbano;2;1
2500000.0;curitiba;batel;4;4
1280000.0;curitiba;cabral;4;3
1150000.0;curitiba;ahú;3;2
150000.0;curitiba;sítio cercado;2;
1450000.0;curitiba;ecoville;3;2
150000.0;araucária;centro;3;0
310000.0;araucária;centro;2;1
580000.0;curitiba;juvevê;2;1
300000.0;araucária;vila nova;2;2
830000.0;curitiba;batel;3;2
630000.0;curitiba;portão;3;1
1500000.0;curitiba;bigorrilho;4;3
580000.0;curitiba;mercês;3;1
320000.0;curitiba;guaíra;3;1
160000.0;araucária;centro;3;0
250000.0;araucária;centro;2;0
275000.0;curitiba;centro;1;1
656910.0;curitiba;cabral;2;2
450000.0;curitiba;capão raso;3;1
112000.0;araucária;boqueirão;2;1
2800000.0;curitiba;batel;3;4
1790000.0;curitiba;bigorrilho;3;3
150000.0;araucária;iguaçu;2;1
1300000.0;curitiba;centro;5;2
270000.0;curitiba;atuba;2;2
3680000.0;curitiba;ecoville;4;4
1500000.0;curitiba;centro;4;2
349000.0;curitiba;alto da glória;3;1
198000.0;curitiba;tingui;2;1
175000.0;curitiba;bairro alto;3;1
210000.0;araucária;cachoeira;2;1
155000.0;araucária;centro;3;1
140000.0;araucária;capela velha;2;0
4805300.0;curitiba;batel;4;5
380000.0;curitiba;juvevê;2;1
299000.0;curitiba;centro;3;
470000.0;curitiba;batel;2;1
160000.0;curitiba;centro;1;0
155000.0;são josé dos pinhais;cidade jardim;2;1
125000.0;araucária;tindiquera;2;0
1358746.0;curitiba;seminário;3;0
2700000.0;curitiba;cabral;3;3
994000.0;curitiba;juvevê;2;2
1009222.0;curitiba;ecoville;3;2
550000.0;curitiba;centro;3;2
2690000.0;curitiba;água verde;4;3
215000.0;curitiba;xaxim;2;1
848000.0;curitiba;campo comprido;3;2
185190.0;curitiba;santa cândida;3;1
160900.0;colombo;roça grande;3;1
430000.0;curitiba;cristo rei;3;1
4955600.0;curitiba;batel;3;5
206600.0;curitiba;santa cândida;3;1
1790000.0;curitiba;batel;4;4
1209267.0;curitiba;batel;0;2
1625711.0;curitiba;batel;0;2
500000.0;curitiba;champagnat;3;0
514000.0;curitiba;centro;2;1
336000.0;curitiba;capão raso;3;1
2700000.0;curitiba;batel;4;3
1680000.0;curitiba;juvevê;3;3
917751.0;curitiba;centro cívico;3;2
957328.0;curitiba;centro cívico;3;2
910397.0;curitiba;centro cívico;3;2
580000.0;curitiba;alto da rua xv;3;2
760000.0;curitiba;centro;2;2
839760.0;curitiba;ecoville;3;2
2498000.0;curitiba;champagnat;4;3
3980000.0;curitiba;cabral;4;4
3700000.0;curitiba;ahú;4;4
485000.0;curitiba;alto da rua xv;3;2
0.0;curitiba;batel;4;3
0.0;curitiba;batel;4;3
140000.0;curitiba;cidade industrial de curitiba;2;1
389000.0;curitiba;xaxim;3;1
529100.0;curitiba;alto da glória;2;1
667600.0;curitiba;mercês;2;2
2550000.0;curitiba;bigorrilho;3;3
162000.0;curitiba;fazendinha;2;1
163000.0;araucária;sabiá;2;1
6774910.0;curitiba;cabral;4;4
6030488.0;curitiba;cabral;4;4
190000.0;são josé dos pinhais;santos dumont;2;1
1580000.0;curitiba;água verde;4;2
1600000.0;curitiba;batel;3;3
150000.0;curitiba;cidade industrial de curitiba;2;1
3498000.0;curitiba;ecoville;4;5
358500.0;curitiba;portão;3;1
349100.0;curitiba;novo mundo;3;2
350000.0;curitiba;água verde;2;1
629100.0;curitiba;batel;3;1
964189.0;curitiba;água verde;2;2
1000527.0;curitiba;água verde;2;2
432500.0;curitiba;cristo rei;2;2
187500.0;curitiba;fazendinha;2;1
588200.0;curitiba;bigorrilho;2;2
600000.0;curitiba;cabral;4;2
160000.0;curitiba;bairro alto;3;1
330000.0;curitiba;atuba;3;2
210000.0;curitiba;santa cândida;2;1
394900.0;curitiba;capão raso;2;1
390000.0;curitiba;são francisco;3;3
335000.0;araucária;centro;3;1
145000.0;curitiba;sítio cercado;2;1
1444300.0;curitiba;mercês;3;2
1221359.0;curitiba;bigorrilho;2;2
1711283.0;curitiba;bigorrilho;3;3
8348920.0;curitiba;ecoville;4;5
700000.0;curitiba;bigorrilho;3;2
3154266.16;curitiba;cabral;4;4
8066410.89;curitiba;barigui;4;5
774300.0;curitiba;mercês;2;2
1290500.0;curitiba;mercês;3;2
1210700.0;curitiba;mercês;3;2
1118700.0;curitiba;mercês;2;2
858500.0;curitiba;mercês;2;2
907600.0;curitiba;mercês;2;1
650000.0;curitiba;água verde;3;2
1455000.0;curitiba;cabral;3;2
5119900.0;curitiba;batel;3;4
410000.0;curitiba;água verde;3;1
265000.0;curitiba;vila izabel;3;1
620000.0;curitiba;seminário;3;2
1359500.0;curitiba;água verde;3;2
669000.0;curitiba;batel;3;1
215000.0;curitiba;centro;1;
107000.0;araucária;iguaçu;2;1
1121000.0;curitiba;batel;3;2
220000.0;curitiba;pilarzinho;2;1
995000.0;curitiba;cabral;3;2
180000.0;são josé dos pinhais;parque da fonte;3;1
180000.0;são josé dos pinhais;parque da fonte;3;1
180000.0;são josé dos pinhais;parque da fonte;3;1
878288.0;curitiba;bacacheri;3;2
897279.0;curitiba;bacacheri;3;2
320000.0;são josé dos pinhais;cidade jardim;3;3
200000.0;curitiba;cristo rei;1;
200000.0;são josé dos pinhais;boneca do iguacu;2;1
260000.0;colombo;atuba;3;2
988050.0;curitiba;ecoville;3;2
1122142.5;curitiba;mossunguê;3;2
595000.0;curitiba;vila izabel;3;2
1980000.0;curitiba;alto da rua xv;3;3
309000.0;curitiba;capão raso;3;1
715000.0;curitiba;vila izabel;3;2
533015.0;curitiba;vila izabel;2;1
250000.0;curitiba;santa quitéria;3;1
715883.0;curitiba;vila izabel;2;2
603887.0;curitiba;vila izabel;2;2
1600000.0;curitiba;ecoville;3;4
890000.0;curitiba;vila izabel;3;2
530000.0;curitiba;bigorrilho;3;1
230000.0;curitiba;jardim botânico;2;1
9000000.0;curitiba;ecoville;4;5
950000.0;curitiba;batel;4;3
350000.0;curitiba;centro;2;1
976000.0;curitiba;champagnat;;2
1508800.0;curitiba;champagnat;;2
295000.0;curitiba;juvevê;2;1
350000.0;curitiba;cristo rei;3;1
220000.0;curitiba;cajuru;3;1
1099000.0;curitiba;água verde;2;2
4100000.0;curitiba;batel;4;4
4551413.0;curitiba;batel;3;4
440000.0;curitiba;portão;3;1
389000.0;curitiba;xaxim;3;1
410000.0;curitiba;centro;1;1
175000.0;araucária;capela velha;2;1
170000.0;araucária;capela velha;2;1
1497357.0;curitiba;água verde;3;2
235000.0;curitiba;campo comprido;2;2
175000.0;curitiba;tingui;2;1
610200.0;curitiba;alto da glória;2;1
488700.0;curitiba;alto da glória;2;1
754400.0;curitiba;mercês;2;2
393000.0;curitiba;capão raso;2;1
2850000.0;curitiba;batel;4;4
2759154.0;curitiba;água verde;3;2
128000.0;araucária;costeira;2;1
160000.0;curitiba;cajuru;2;1
729568.43;curitiba;alto da rua xv;2;
318000.0;curitiba;água verde;2;1
6000000.0;curitiba;ecoville;4;5
300000.0;curitiba;jardim botânico;3;1
439000.0;curitiba;vila izabel;3;1
3562145.0;curitiba;ecoville;4;4
2216600.0;curitiba;água verde;3;2
969600.0;curitiba;água verde;3;2
953500.0;curitiba;centro;3;2
823950.0;curitiba;centro;3;2
908650.0;curitiba;centro;3;2
1200000.0;curitiba;ahú;4;2
261980.0;curitiba;portão;3;1
3149300.0;curitiba;cabral;3;3
1590000.0;curitiba;batel;4;3
105000.0;colombo;das graças;2;1
885000.0;curitiba;ecoville;3;2
126900.0;curitiba;cidade industrial de curitiba;2;1
459800.0;curitiba;capão raso;3;1
958900.0;curitiba;ecoville;3;2
145000.0;araucária;iguaçu;2;0
844400.0;curitiba;centro;2;2
700400.0;curitiba;centro;3;2
169640.0;araucária;costeira;2;2
280000.0;são josé dos pinhais;costeira;2;1
1990000.0;curitiba;água verde;4;3
140000.0;curitiba;sítio cercado;2;
265000.0;curitiba;tingui;2;1
149900.0;curitiba;campo comprido;;
145000.0;araucária;iguaçu;2;1
180000.0;araucária;iguaçu;2;0
890000.0;curitiba;cristo rei;2;2
180000.0;curitiba;capão raso;2;1
130700.0;araucária;thomaz coelho;2;1
139900.0;colombo;paloma;2;1
3950000.0;curitiba;hugo lange;3;5
951090.0;curitiba;campina do siqueira;3;2
823950.0;curitiba;batel;3;
195000.0;curitiba;alto boqueirão;2;1
1113095.13;curitiba;batel;2;2
592905.57;curitiba;xaxim;2;2
437000.0;curitiba;cristo rei;2;1
777200.0;curitiba;batel;3;1
4400000.0;curitiba;batel;;4
1399000.0;curitiba;juvevê;3;3
494113.0;curitiba;boa vista;2;1
668000.0;curitiba;alto da glória;3;2
0.0;curitiba;ecoville;4;8
475000.0;curitiba;novo mundo;3;1
3990000.0;curitiba;batel;3;3
310000.0;curitiba;xaxim;2;
1090000.0;curitiba;batel;3;2
200000.0;curitiba;alto da glória;1;0
1545000.0;curitiba;cabral;3;2
500000.0;araucária;centro;3;1
530000.0;araucária;centro;3;1
4351700.0;curitiba;cabral;;4
2805700.0;curitiba;cabral;;3
636700.0;curitiba;centro;2;1
914400.0;curitiba;centro;3;1
150000.0;são josé dos pinhais;santo antonio;2;1
140000.0;araucária;estação;2;1
2620000.0;curitiba;juvevê;4;3
345000.0;curitiba;bacacheri;2;1
1206000.0;curitiba;batel;3;2
130000.0;araucária;tindiquera;2;0
620000.0;curitiba;são francisco;3;1
1310000.0;curitiba;são francisco;3;1
618000.0;curitiba;alto da glória;3;1
165000.0;araucária;centro;2;1
192000.0;curitiba;pinheirinho;2;1
1700000.0;curitiba;água verde;2;2
225000.0;curitiba;santa cândida;2;1
670000.0;são josé dos pinhais;sao cristovao;4;2
1048300.0;curitiba;alto da glória;3;2
935000.0;curitiba;água verde;4;2
153000.0;araucária;iguaçu;2;1
861100.0;curitiba;alto da glória;2;2
164900.0;araucária;tindiquera;2;1
240000.0;curitiba;seminário;2;1
480000.0;curitiba;rebouças;3;1
145000.0;são josé dos pinhais;italia;2;1
168900.0;araucária;capela velha;2;1
174900.0;araucária;tindiquera;2;1
280000.0;são josé dos pinhais;são francisco;;1
280000.0;são josé dos pinhais;são francisco;3;1
189000.0;são josé dos pinhais;cruzeiro;2;1
774910.0;curitiba;campo comprido;3;2
1035700.0;curitiba;alto da glória;2;2
1720000.0;curitiba;água verde;4;4
179900.0;araucária;centro;3;1
2550000.0;curitiba;centro;3;3
399000.0;curitiba;novo mundo;3;1
429000.0;curitiba;novo mundo;3;1
239000.0;curitiba;fazendinha;2;1
230900.0;araucária;fazenda velha;2;1
236900.0;araucária;fazenda velha;3;1
168000.0;curitiba;sítio cercado;2;1
1399000.0;curitiba;alto da glória;3;3
190000.0;araucária;iguaçu;2;1
725200.0;curitiba;bacacheri;3;2
189690.0;araucária;tindiquera;2;1
189490.0;araucária;tindiquera;2;1
294900.0;curitiba;bacacheri;2;1
295900.0;curitiba;bacacheri;2;1
324900.0;curitiba;bacacheri;2;2
320900.0;curitiba;bacacheri;2;1
296961.0;curitiba;bacacheri;2;1
300900.0;curitiba;bacacheri;2;1
299900.0;curitiba;bacacheri;2;1
298900.0;curitiba;bacacheri;2;1
293900.0;curitiba;bacacheri;2;1
296900.0;curitiba;bacacheri;2;1
297900.0;curitiba;bacacheri;2;1
299947.0;curitiba;bacacheri;2;1
336900.0;curitiba;bacacheri;2;1
302900.0;curitiba;bacacheri;2;1
341900.0;curitiba;bacacheri;;
316979.0;curitiba;bacacheri;2;1
329900.0;curitiba;bacacheri;2;1
235490.0;curitiba;novo mundo;2;1
232490.0;curitiba;novo mundo;2;1
228490.0;curitiba;novo mundo;2;1
219490.0;curitiba;novo mundo;2;1
146900.0;curitiba;campo santana;2;1
1810525.0;curitiba;ecoville;3;3
651000.0;curitiba;mercês;3;1
145000.0;araucária;iguaçu;2;0
4600000.0;curitiba;batel;4;4
180000.0;araucária;estação;2;1
368000.0;curitiba;rebouças;2;1
270000.0;curitiba;centro cívico;1;1
1837900.0;curitiba;água verde;3;3
5484276.0;curitiba;cabral;3;4
249000.0;curitiba;centro;2;1
602144.0;curitiba;bigorrilho;2;2
1750000.0;curitiba;cabral;3;3
4185288.0;curitiba;cabral;4;4
4517289.0;curitiba;cabral;4;3
5468896.81;curitiba;batel;4;4
274000.0;curitiba;novo mundo;2;1
430000.0;curitiba;cristo rei;3;1
4880150.41;curitiba;barigui;4;4
6930936.58;curitiba;barigui;4;5
1056512.0;curitiba;são francisco;2;2
441983.15;curitiba;são francisco;1;1
1300000.0;curitiba;batel;4;3
165000.0;araucária;capela velha;2;1
150600.0;são josé dos pinhais;costeira;2;1
250000.0;são josé dos pinhais;afonso pena;3;1
150000.0;fazenda rio grande;jardim veneza;2;1
450000.0;curitiba;batel;2;1
6950000.0;curitiba;batel;4;4
1150000.0;curitiba;batel;4;2
380000.0;são josé dos pinhais;centro;3;1
140000.0;curitiba;uberaba;2;1
140000.0;araucária;tindiquera;2;1
340000.0;são josé dos pinhais;centro;3;1
360000.0;são josé dos pinhais;afonso pena;3;1
210000.0;curitiba;santa cândida;2;1
250000.0;curitiba;tingui;2;1
160000.0;colombo;guaraituba;3;1
787200.0;curitiba;alto da glória;2;1
1190000.0;curitiba;água verde;4;2
911200.0;curitiba;alto da glória;3;2
269000.0;são josé dos pinhais;pedro moro;2;1
180000.0;curitiba;são francisco;1;
169000.0;curitiba;fazendinha;3;1
258000.0;curitiba;novo mundo;2;
1750000.0;curitiba;bigorrilho;4;3
4750000.0;curitiba;batel;3;5
2700000.0;curitiba;ecoville;4;4
990000.0;curitiba;bigorrilho;3;3
3500000.0;curitiba;campina do siqueira;4;4
130000.0;curitiba;santa cândida;2;1
696400.0;curitiba;centro;2;1
1012300.0;curitiba;centro;3;1
565700.0;curitiba;cristo rei;2;2
153000.0;araucária;iguaçu;2;1
173900.0;araucária;centro;2;0
530000.0;araucária;centro;3;1
299000.0;araucária;porto das laranjeiras;2;1
290000.0;araucária;centro;2;1
295000.0;araucária;boqueirão;2;1
600000.0;curitiba;cabral;3;2
325000.0;araucária;iguaçu;3;1
1251000.0;curitiba;água verde;3;2
1620000.0;curitiba;água verde;3;2
1420000.0;curitiba;água verde;4;3
1737000.0;curitiba;água verde;4;3
534000.0;são josé dos pinhais;centro;3;2
270000.0;são josé dos pinhais;silveira da motta;2;1
539000.0;curitiba;vila izabel;3;1
765922.0;curitiba;cabral;3;2
922694.4;curitiba;bigorrilho;3;2
4535711.57;curitiba;batel;4;4
150000.0;são josé dos pinhais;roseira;1;1
285000.0;curitiba;portão;3;1
480000.0;curitiba;centro cívico;4;1
285000.0;são josé dos pinhais;boneca do iguacu;3;1
817539.0;curitiba;bigorrilho;2;2
1137218.0;curitiba;bigorrilho;3;2
2746645.35;curitiba;juvevê;4;3
1678194.0;curitiba;bigorrilho;3;2
3264738.0;curitiba;cabral;4;3
1221300.0;curitiba;batel;2;2
265000.0;curitiba;vila izabel;2;2
275766.01;curitiba;centro;3;
1280383.95;curitiba;ecoville;3;2
1867050.17;curitiba;ahú;3;3
529000.0;curitiba;vila izabel;2;1
1021713.0;curitiba;alto da rua xv;3;2
1400000.0;curitiba;cristo rei;4;3
154900.0;araucária;passaúna;2;1
170000.0;araucária;centro;2;1
1985000.0;curitiba;batel;3;2
139000.0;são josé dos pinhais;afonso pena;2;1
169900.0;são josé dos pinhais;afonso pena;2;1
2700000.0;curitiba;cabral;4;4
1688448.59;curitiba;ahú;3;3
1150915.68;curitiba;ecoville;2;2
855000.0;curitiba;ahú;3;2
965266.0;curitiba;juvevê;2;2
140000.0;curitiba;barreirinha;2;1
1398000.0;curitiba;juvevê;3;2
796099.87;curitiba;água verde;2;2
4181185.5;curitiba;ecoville;4;3
4092159.83;curitiba;batel;3;
699000.0;curitiba;cabral;3;2
890000.0;curitiba;alto da rua xv;3;2
150000.0;curitiba;sítio cercado;2;1
185000.0;são josé dos pinhais;afonso pena;2;1
671624.42;curitiba;campina do siqueira;2;1
3300000.0;curitiba;bigorrilho;3;3
2850000.0;curitiba;cabral;4;4
185000.0;são josé dos pinhais;afonso pena;1;
239000.0;curitiba;atuba;2;1
820781.14;curitiba;champagnat;3;2
199000.0;são josé dos pinhais;afonso pena;3;1
258000.0;curitiba;uberaba;3;1
2290000.0;curitiba;ecoville;3;3
275000.0;são josé dos pinhais;boneca do iguacu;2;1
247000.0;são josé dos pinhais;pedro moro;2;1
699000.0;são josé dos pinhais;pedro moro;4;2
420000.0;curitiba;centro;3;1
135000.0;curitiba;santa cândida;3;1
540000.0;curitiba;água verde;3;1
135000.0;curitiba;sítio cercado;2;1
168000.0;são josé dos pinhais;centro;2;1
215000.0;são josé dos pinhais;boneca do iguacu;3;1
125000.0;são josé dos pinhais;colonia rio grande;2;1
220000.0;são josé dos pinhais;afonso pena;3;1
1800000.0;curitiba;batel;4;4
760263.0;curitiba;bigorrilho;2;1
625000.0;curitiba;água verde;3;2
879000.0;curitiba;batel;3;2
875567.0;curitiba;juvevê;2;1
1100000.0;curitiba;batel;3;4
369000.0;curitiba;fanny;2;1
394000.0;curitiba;fanny;2;1
380000.0;curitiba;fanny;2;1
369000.0;curitiba;fanny;2;1
239000.0;são josé dos pinhais;roseira de são sebastião;2;1
3590000.0;curitiba;ecoville;3;5
175000.0;são josé dos pinhais;cidade jardim;2;1
670000.0;curitiba;batel;3;2
2759279.0;curitiba;juvevê;3;3
267520.0;curitiba;centro;1;0
922694.0;curitiba;bigorrilho;3;2
5466300.0;curitiba;cabral;3;3
180000.0;são josé dos pinhais;afonso pena;3;1
292850.0;curitiba;cidade industrial de curitiba;3;1
239900.0;curitiba;novo mundo;;
219900.0;curitiba;novo mundo;;
419900.0;curitiba;capão raso;3;1
219900.0;curitiba;fanny;2;1
219900.0;curitiba;fanny;2;1
158000.0;são josé dos pinhais;italia;2;1
850000.0;curitiba;champagnat;3;4
1939845.51;curitiba;ahú;3;3
250000.0;são josé dos pinhais;afonso pena;2;2
1333453.51;curitiba;mercês;3;2
890685.43;curitiba;mercês;2;2
735460.49;curitiba;ecoville;3;2
239900.0;são josé dos pinhais;afonso pena;3;
220000.0;são josé dos pinhais;sao marcos;2;
280000.0;são josé dos pinhais;cidade jardim;3;1
630000.0;curitiba;centro;3;1
215000.0;são josé dos pinhais;afonso pena;3;1
210000.0;curitiba;novo mundo;2;2
578100.0;são josé dos pinhais;sao pedro;3;
165000.0;são josé dos pinhais;afonso pena;2;
200000.0;curitiba;cajuru;3;
3600000.0;curitiba;ecoville;3;4
1450000.0;curitiba;batel;3;3
440000.0;curitiba;centro;3;1
184900.0;são josé dos pinhais;afonso pena;3;1
240000.0;são josé dos pinhais;jardim monte líbano;3;1
240000.0;curitiba;pinheirinho;2;
175000.0;curitiba;rebouças;1;
130000.0;colombo;são gabriel;2;1
120000.0;curitiba;centro;1;
795000.0;curitiba;batel;3;1
595000.0;são josé dos pinhais;silveira da motta;3;2
1500000.0;curitiba;batel;4;3
189000.0;são josé dos pinhais;sao marcos;2;1
160000.0;são josé dos pinhais;afonso pena;2;1
259000.0;curitiba;tingui;2;1
750000.0;curitiba;batel;3;1
160000.0;curitiba;sítio cercado;2;1
420000.0;são josé dos pinhais;afonso pena;3;2
639900.0;curitiba;água verde;3;1
7414800.0;curitiba;bigorrilho;4;5
3150000.0;curitiba;ecoville;3;4
139000.0;curitiba;sítio cercado;2;1
3140000.0;curitiba;cabral;3;3
368380.24;curitiba;cajuru;3;2
1844625.74;curitiba;ahú;3;3
3249789.0;curitiba;cabral;3;3
797096.02;curitiba;água verde;2;2
1111635.42;curitiba;água verde;3;2
851921.56;curitiba;água verde;2;2
2999900.0;curitiba;cabral;3;3
840006.78;curitiba;água verde;2;3
982318.85;curitiba;água verde;2;2
1238541.79;curitiba;bigorrilho;3;3
303271.33;curitiba;cajuru;2;1
7709370.1;curitiba;ecoville;4;5
5250000.0;curitiba;batel;4;4
1314999.36;curitiba;alto da rua xv;3;2
4536944.96;curitiba;batel;4;4
3609000.0;curitiba;cabral;3;3
2700000.0;curitiba;cabral;3;3
1019063.77;curitiba;alto da rua xv;3;2
649216.74;curitiba;água verde;2;2
1065682.0;curitiba;ecoville;3;2
780000.0;são josé dos pinhais;centro;3;1
180000.0;curitiba;campo comprido;3;1
687400.0;curitiba;água verde;2;2
1426100.0;curitiba;hugo lange;3;3
1378100.0;curitiba;hugo lange;3;3
690000.0;curitiba;vila izabel;3;2
1055700.0;curitiba;centro;3;2
1599000.0;curitiba;batel;3;3
696400.0;curitiba;centro;2;1
1370740.0;curitiba;ahú;3;3
190000.0;araucária;iguaçu;;
3323300.0;curitiba;cabral;3;3
3067900.0;curitiba;cabral;3;3
0.0;curitiba;ecoville;4;5
190000.0;araucária;boqueirão;2;
1190000.0;curitiba;ecoville;3;2
230000.0;curitiba;tingui;3;1
179000.0;curitiba;cristo rei;1;
550000.0;curitiba;cabral;3;1
390000.0;curitiba;vista alegre;2;1
135000.0;são josé dos pinhais;colonia rio grande;2;1
155000.0;são josé dos pinhais;cidade jardim;1;1
165000.0;araucária;iguaçu;2;1
1500000.0;curitiba;batel;4;2
7000000.0;curitiba;ecoville;4;4
460000.0;curitiba;centro;1;1
699000.0;curitiba;batel;2;2
165000.0;são josé dos pinhais;afonso pena;2;1
550000.0;curitiba;água verde;3;1
360000.0;curitiba;portão;3;1
199000.0;são josé dos pinhais;bom jesus;2;1
348000.0;curitiba;bigorrilho;2;1
135000.0;curitiba;campo santana;2;1
239000.0;curitiba;centro;1;1
185900.0;são josé dos pinhais;sao marcos;2;1
199000.0;são josé dos pinhais;sao marcos;2;1
204900.0;são josé dos pinhais;sao marcos;3;1
315000.0;são josé dos pinhais;aristocrata;2;1
159000.0;são josé dos pinhais;parque da fonte;2;1
165000.0;são josé dos pinhais;parque da fonte;2;1
245000.0;araucária;fazenda velha;2;1
189900.0;curitiba;fazendinha;2;1
238000.0;são josé dos pinhais;afonso pena;2;1
477000.0;curitiba;cristo rei;2;1
240606.0;curitiba;boqueirão;2;1
262452.0;curitiba;boqueirão;2;1
254806.0;curitiba;boqueirão;2;1
660000.0;curitiba;água verde;3;1
279000.0;curitiba;neoville;3;1
145000.0;são josé dos pinhais;boneca do iguacu;1;1
195000.0;araucária;capela velha;;
339000.0;pinhais;centro;2;1
501615.02;curitiba;bacacheri;2;1
195000.0;araucária;costeira;2;1
175000.0;araucária;costeira;2;1
420000.0;são josé dos pinhais;tres marias;3;1
1363106.71;curitiba;ahú;3;
220000.0;curitiba;boqueirão;2;1
5777930.0;curitiba;cabral;;
145000.0;curitiba;cidade industrial de curitiba;2;1
135000.0;são josé dos pinhais;ouro fino;2;1
3207688.28;curitiba;mossunguê;;
8036145.0;curitiba;mossunguê;;
10519922.0;curitiba;mossunguê;;
125000.0;fazenda rio grande;nações;2;1
9933573.97;curitiba;cabral;;
8347576.15;curitiba;cabral;;
5059375.84;curitiba;cabral;;
1190000.0;curitiba;batel;4;2
1835000.0;curitiba;batel;4;3
279000.0;curitiba;neoville;3;1
7373500.0;curitiba;bigorrilho;;
650000.0;curitiba;bacacheri;2;3
860000.0;curitiba;centro;2;1
1900000.0;curitiba;ahú;3;3
299000.0;curitiba;hauer;2;1
289000.0;curitiba;hauer;2;1
165000.0;curitiba;santa quitéria;3;1
590000.0;curitiba;vila izabel;3;1
199000.0;curitiba;tingui;2;1
1260000.0;curitiba;água verde;3;2
1423000.0;curitiba;água verde;4;3
1860304.0;curitiba;campo comprido;3;3
1450540.0;curitiba;água verde;3;2
1737000.0;curitiba;água verde;3;3
160000.0;araucária;cachoeira;;
310000.0;curitiba;vila izabel;3;1
3575339.3;curitiba;alto da glória;;
2297004.53;curitiba;alto da glória;;
175000.0;araucária;iguaçu;2;1
185000.0;araucária;iguaçu;;
205000.0;araucária;iguaçu;2;1
225000.0;são josé dos pinhais;santos dumont;2;1
259000.0;araucária;iguaçu;0;1
3160000.0;curitiba;cabral;3;3
2230000.0;curitiba;bigorrilho;3;3
875567.04;curitiba;juvevê;2;1
145000.0;são josé dos pinhais;afonso pena;2;1
200000.0;são josé dos pinhais;águas claras;2;1
550000.0;curitiba;água verde;3;1
295000.0;araucária;iguaçu;3;1
447000.0;curitiba;capão raso;3;1
393000.0;curitiba;capão raso;2;1
130000.0;campo largo;jardim iruama;2;1
130000.0;campo largo;jardim iruama;2;1
250000.0;curitiba;rebouças;2;1
267520.0;curitiba;centro;1;
720000.0;curitiba;mercês;3;2
1780000.0;curitiba;batel;4;3
5688334.0;curitiba;ecoville;3;4
169000.0;são josé dos pinhais;cruzeiro;2;1
185000.0;são josé dos pinhais;cruzeiro;2;1
280000.0;curitiba;novo mundo;3;1
128000.0;curitiba;sítio cercado;2;1
399391.82;curitiba;água verde;2;1
431600.58;curitiba;água verde;3;1
172088.0;araucária;costeira;2;1
160500.0;araucária;costeira;2;1
1350000.0;curitiba;champagnat;6;5
290000.0;são josé dos pinhais;boneca do iguacu;3;1
239000.0;são josé dos pinhais;boneca do iguacu;2;1
165000.0;são josé dos pinhais;afonso pena;;
230000.0;curitiba;jardim botânico;3;1
530000.0;araucária;centro;3;1
175000.0;curitiba;sítio cercado;2;1
198000.0;fazenda rio grande;eucaliptos;2;1
205000.0;fazenda rio grande;eucaliptos;2;1
196000.0;fazenda rio grande;eucaliptos;2;1
230000.0;araucária;estação;3;1
255000.0;curitiba;novo mundo;3;1
305000.0;araucária;centro;2;1
165000.0;curitiba;alto boqueirão;2;1
185000.0;são josé dos pinhais;boneca do iguacu;2;1
1750000.0;curitiba;água verde;4;3
144000.0;curitiba;rebouças;1;
1290000.0;curitiba;jardim botânico;3;3
215000.0;curitiba;boqueirão;2;1
1755000.0;curitiba;água verde;3;3
713720.0;curitiba;portão;3;2
732300.0;curitiba;água verde;2;2
199000.0;curitiba;centro;2;
235900.0;curitiba;bairro alto;2;1
530000.0;curitiba;cabral;3;1
1350000.0;curitiba;seminário;3;2
145000.0;fazenda rio grande;nações;2;
440000.0;curitiba;água verde;3;1
530000.0;curitiba;bigorrilho;3;1
700000.0;curitiba;bigorrilho;3;2
3600000.0;curitiba;ecoville;3;4
1900000.0;curitiba;cabral;3;3
1790000.0;curitiba;ecoville;3;2
1490000.0;curitiba;bigorrilho;3;2
140000.0;curitiba;fazendinha;2;1
140000.0;curitiba;fazendinha;2;1
155000.0;curitiba;fazendinha;2;1
1490000.0;curitiba;bigorrilho;3;2
175000.0;curitiba;centro;1;0
165000.0;curitiba;centro;1;1
190000.0;curitiba;novo mundo;2;1
720000.0;curitiba;ahú;3;2
125000.0;curitiba;campo santana;2;1
668000.0;curitiba;batel;;
933100.0;curitiba;centro;3;1
647700.0;curitiba;centro;2;1
320000.0;curitiba;centro;1;0
161490.0;araucária;capela velha;2;1
122643.31;são josé dos pinhais;sao marcos;2;1
160990.0;araucária;capela velha;2;1
300000.0;curitiba;centro;1;1
3285936.0;curitiba;batel;3;4
845959.0;curitiba;água verde;2;2
1029104.0;curitiba;água verde;3;2
220000.0;curitiba;rebouças;2;1
198000.0;são josé dos pinhais;afonso pena;2;1
159000.0;curitiba;santa cândida;2;1
172690.0;araucária;capela velha;2;1
158490.0;araucária;capela velha;2;1
159490.0;araucária;capela velha;2;
1354646.0;curitiba;juvevê;3;3
1473858.0;curitiba;juvevê;3;2
1799529.0;curitiba;juvevê;3;3
175000.0;araucária;campina da barra;2;1
159990.0;araucária;capela velha;2;1
159690.0;araucária;capela velha;2;1
489000.0;curitiba;água verde;3;2
271900.0;araucária;centro;3;1
130000.0;araucária;campina da barra;2;1
938800.0;curitiba;alto da glória;3;2
799000.0;curitiba;água verde;3;2
160000.0;araucária;tindiquera;2;1
1990000.0;curitiba;bigorrilho;4;3
265000.0;curitiba;novo mundo;3;1
175000.0;curitiba;tingui;2;1
1100000.0;curitiba;água verde;3;2
480000.0;curitiba;juvevê;3;1
299000.0;curitiba;batel;1;1
210000.0;curitiba;boqueirão;3;1
1301286.0;curitiba;ecoville;3;3
8441999.0;curitiba;ecoville;4;5
2059936.0;curitiba;água verde;3;2
4601332.0;curitiba;ecoville;3;3
540000.0;curitiba;bigorrilho;3;1
229900.0;curitiba;fanny;2;1
219900.0;curitiba;fanny;2;1
219900.0;curitiba;fanny;2;1
219900.0;curitiba;fanny;2;1
130000.0;são josé dos pinhais;costeira;2;1
225000.0;são josé dos pinhais;boneca do iguacu;2;1
180000.0;colombo;atuba;2;1
1290000.0;curitiba;cabral;4;2
1700000.0;curitiba;batel;3;3
2658871.0;curitiba;cabral;3;3
2797045.0;curitiba;cabral;3;3
245000.0;curitiba;xaxim;2;1
128000.0;curitiba;umbará;;
738000.0;curitiba;centro;3;2
494900.0;curitiba;centro;2;1
550000.0;curitiba;vila izabel;3;1
310000.0;curitiba;água verde;3;1
1200000.0;curitiba;cabral;3;2
190900.0;são josé dos pinhais;parque da fonte;3;2
205000.0;são josé dos pinhais;afonso pena;2;1
185000.0;são josé dos pinhais;afonso pena;2;1
755465.95;curitiba;ecoville;3;3
920600.0;curitiba;água verde;3;2
145000.0;são josé dos pinhais;boneca do iguacu;1;1
175000.0;curitiba;bigorrilho;1;
170000.0;araucária;costeira;2;1
280000.0;pinhais;estancia pinhais;2;1
235000.0;curitiba;centro;1;
175000.0;são josé dos pinhais;afonso pena;2;1
990000.0;curitiba;vila izabel;3;2
890000.0;curitiba;batel;3;2
485000.0;curitiba;água verde;3;1
240000.0;curitiba;bairro alto;2;1
1972900.0;curitiba;água verde;3;3
3915013.0;curitiba;batel;2;4
3194630.0;curitiba;campo comprido;4;4
4400000.0;curitiba;ecoville;4;3
300000.0;curitiba;jardim botânico;3;1
140000.0;curitiba;campo comprido;2;1
1400000.0;curitiba;juvevê;3;3
2600501.4;curitiba;juvevê;4;2
1099000.0;curitiba;água verde;3;2
1170000.0;curitiba;ecoville;3;2
2400000.0;curitiba;batel;3;3
420000.0;curitiba;tarumã;3;1
205000.0;são josé dos pinhais;jardim monte líbano;2;1
180000.0;são josé dos pinhais;parque da fonte;2;1
185000.0;são josé dos pinhais;parque da fonte;2;1
190000.0;são josé dos pinhais;boneca do iguacu;2;1
290000.0;são josé dos pinhais;boneca do iguacu;3;1
390000.0;são josé dos pinhais;boneca do iguacu;3;1
225000.0;são josé dos pinhais;afonso pena;3;1
839760.0;curitiba;ecoville;3;2
895000.0;curitiba;bacacheri;4;2
315000.0;curitiba;tarumã;2;1
830000.0;curitiba;batel;3;2
1440000.0;curitiba;água verde;3;2
895000.0;curitiba;ecoville;3;2
398000.0;curitiba;boqueirão;2;2
2970000.0;curitiba;água verde;4;4
1440000.0;curitiba;batel;3;2
2100000.0;curitiba;água verde;3;3
290000.0;curitiba;atuba;2;1
185000.0;são josé dos pinhais;afonso pena;2;1
1620000.0;curitiba;bigorrilho;3;3
878288.0;curitiba;bacacheri;3;2
185750.0;colombo;campo pequeno;2;1
280453.04;curitiba;cajuru;2;1
1850000.0;curitiba;batel;2;2
168580.0;araucária;costeira;2;1
600000.0;curitiba;vila izabel;3;1
208000.0;curitiba;portão;1;
750000.0;curitiba;água verde;3;2
217900.0;curitiba;centro;1;
491900.0;curitiba;mossunguê;2;1
280000.0;curitiba;uberaba;3;1
958000.0;curitiba;ecoville;3;3
790000.0;curitiba;batel;4;2
194000.0;araucária;centro;2;1
240000.0;curitiba;centro;2;1
270000.0;curitiba;centro;2;1
339000.0;curitiba;capão raso;2;1
240000.0;curitiba;novo mundo;2;
184000.0;curitiba;cidade industrial de curitiba;3;1
240000.0;curitiba;uberaba;3;
415900.0;curitiba;água verde;2;1
385000.0;são josé dos pinhais;centro;3;1
181800.0;araucária;iguaçu;2;1
530000.0;curitiba;vila izabel;3;2
394900.0;curitiba;água verde;2;1
265000.0;curitiba;portão;2;1
320000.0;curitiba;batel;2;
160000.0;araucária;iguaçu;2;1
1555231.0;curitiba;centro cívico;3;2
3900000.0;curitiba;ecoville;4;4
2880000.0;curitiba;água verde;3;4
1950000.0;curitiba;batel;4;3
685000.0;curitiba;campo comprido;2;2
6132000.0;curitiba;batel;3;5
1697555.0;curitiba;juvevê;3;3
1662660.0;curitiba;água verde;3;2
530000.0;curitiba;água verde;3;1
290000.0;são josé dos pinhais;afonso pena;3;1
330000.0;curitiba;tingui;2;1
304500.0;curitiba;batel;1;0
3500000.0;curitiba;cabral;4;4
155000.0;curitiba;sítio cercado;2;1
140000.0;araucária;tindiquera;2;0
1395000.0;curitiba;champagnat;3;2
950000.0;curitiba;cabral;4;2
1899000.0;curitiba;bigorrilho;4;3
330000.0;curitiba;bigorrilho;2;1
164900.0;curitiba;alto boqueirão;2;1
2900000.0;curitiba;ecoville;5;5
240000.0;curitiba;novo mundo;3;1
220000.0;são josé dos pinhais;jd primavera;2;1
179900.0;são josé dos pinhais;jd primavera;2;1
240000.0;curitiba;guaíra;3;2
620000.0;curitiba;rebouças;2;1
255000.0;curitiba;fanny;;
808777.5;curitiba;vila izabel;2;1
600000.0;curitiba;água verde;3;1
773887.5;curitiba;vila izabel;2;2
1100000.0;curitiba;batel;3;2
3700000.0;curitiba;ecoville;4;5
3900000.0;curitiba;ecoville;4;3
185000.0;são josé dos pinhais;cidade jardim;2;1
430000.0;curitiba;água verde;3;2
115000.0;curitiba;umbará;;
165000.0;são josé dos pinhais;parque da fonte;2;1
300900.0;curitiba;novo mundo;2;1
968680.61;curitiba;vila izabel;3;2
605000.0;curitiba;cristo rei;2;2
298900.0;curitiba;campo comprido;2;1
490000.0;curitiba;juvevê;2;1
295900.0;curitiba;tingui;2;1
145000.0;são josé dos pinhais;afonso pena;2;1
230000.0;araucária;estação;3;1
230000.0;são josé dos pinhais;afonso pena;2;1
440000.0;curitiba;capão raso;3;1
400000.0;curitiba;bacacheri;2;1
1450000.0;curitiba;portão;3;2
1620000.0;curitiba;batel;3;2
3850000.0;curitiba;cabral;3;3
495000.0;curitiba;bigorrilho;3;1
745225.5;curitiba;ecoville;3;2
160000.0;curitiba;campo comprido;;
562300.0;curitiba;vila izabel;2;1
1047163.76;curitiba;água verde;3;1
592795.95;curitiba;água verde;2;1
635815.24;curitiba;água verde;3;1
489500.0;curitiba;vila izabel;2;1
849600.0;curitiba;mercês;2;2
399391.82;curitiba;água verde;1;1
315000.0;curitiba;centro;4;
140000.0;curitiba;caiuá;3;2
155000.0;araucária;costeira;2;1
1068600.0;curitiba;mercês;2;3
1067500.0;curitiba;mercês;2;3
1150000.0;curitiba;cabral;3;2
190000.0;são josé dos pinhais;boneca do iguacu;2;1
1305853.85;curitiba;bigorrilho;3;3
320288.8;curitiba;santa quitéria;2;
1271134.4;curitiba;champagnat;3;2
199177.68;curitiba;santa quitéria;1;1
1409900.0;curitiba;champagnat;2;2
883600.0;curitiba;água verde;3;2
746912.9;curitiba;alto da rua xv;2;2
267000.0;curitiba;santa quitéria;2;1
140000.0;colombo;campo pequeno;2;1
4908175.13;curitiba;água verde;4;4
1650000.0;curitiba;cabral;3;2
285000.0;curitiba;fanny;2;1
1558639.29;curitiba;água verde;3;2
1009953.0;curitiba;cabral;3;1
1103656.0;curitiba;cabral;3;1
604986.0;curitiba;boa vista;2;1
1118040.0;curitiba;cabral;3;1
4535624.07;curitiba;ecoville;3;2
883480.0;curitiba;campina do siqueira;3;1
1708908.93;curitiba;cabral;3;2
701570.0;curitiba;boa vista;3;1
286000.0;são josé dos pinhais;cidade jardim;3;1
1516894.04;curitiba;cabral;2;2
282000.0;são josé dos pinhais;cidade jardim;3;1
286000.0;são josé dos pinhais;cidade jardim;3;1
3975408.05;curitiba;água verde;3;2
855176.0;curitiba;cabral;2;1
892395.0;curitiba;cristo rei;3;1
1050863.0;curitiba;boa vista;3;1
1374927.64;curitiba;cabral;3;2
1006187.0;curitiba;cristo rei;3;1
769000.0;curitiba;vila izabel;3;2
843469.0;curitiba;cabral;2;1
500000.0;curitiba;batel;2;1
1750000.0;curitiba;cabral;4;2
550000.0;curitiba;bacacheri;3;2
215000.0;curitiba;novo mundo;3;2
430000.0;curitiba;capão raso;3;1
340000.0;curitiba;capão raso;2;1
189000.0;curitiba;santa cândida;2;1
188000.0;curitiba;santa cândida;2;1
196000.0;curitiba;santa cândida;2;1
149000.0;araucária;costeira;2;1
350000.0;curitiba;guaíra;3;2
225000.0;são josé dos pinhais;sao domingos;2;1
285000.0;são josé dos pinhais;sao domingos;3;1
150000.0;araucária;sabiá;3;1
175000.0;araucária;cachoeira;3;1
1789727.82;curitiba;batel;3;3
2756694.3;curitiba;batel;3;3
298000.0;curitiba;novo mundo;2;1
2703284.84;curitiba;batel;3;3
340000.0;curitiba;rebouças;1;1
436000.0;curitiba;rebouças;2;1
145000.0;araucária;thomaz coelho;2;1
379000.0;curitiba;portão;3;1
398000.0;curitiba;pilarzinho;3;2
599000.0;curitiba;água verde;2;1
244000.0;curitiba;portão;1;
175000.0;curitiba;fazendinha;3;1
4100000.0;curitiba;ecoville;3;4
248000.0;curitiba;portão;1;
897279.0;curitiba;bacacheri;3;2
1012970.87;curitiba;bacacheri;3;2
143500.0;curitiba;fazendinha;3;1
380000.0;curitiba;cristo rei;3;1
175000.0;curitiba;sítio cercado;2;1
979000.0;curitiba;cabral;3;2
450000.0;curitiba;água verde;3;1
450000.0;curitiba;água verde;3;1
2150000.0;curitiba;bigorrilho;4;2
4550000.0;curitiba;batel;3;3
135000.0;são josé dos pinhais;parque da fonte;1;
168000.0;são josé dos pinhais;parque da fonte;2;1
205000.0;são josé dos pinhais;parque da fonte;3;1
235000.0;pinhais;estancia pinhais;2;1
1750000.0;curitiba;água verde;4;3
2900000.0;curitiba;ecoville;5;5
350000.0;curitiba;batel;2;
425000.0;curitiba;vila izabel;3;1
540000.0;curitiba;bigorrilho;3;1
620000.0;curitiba;rebouças;2;1
1290000.0;curitiba;jardim botânico;3;3
668000.0;curitiba;batel;;
550000.0;curitiba;água verde;3;1
530000.0;curitiba;bigorrilho;3;1
430000.0;curitiba;água verde;3;2
350000.0;curitiba;cabral;3;1
440000.0;curitiba;bacacheri;3;1
795000.0;curitiba;batel;3;1
669000.0;curitiba;alto da rua xv;3;2
380000.0;são josé dos pinhais;centro;3;1
2590000.0;curitiba;cabral;4;4
209000.0;são josé dos pinhais;afonso pena;3;1
148000.0;curitiba;santa cândida;2;1
278000.0;curitiba;fanny;2;1
370000.0;curitiba;fanny;2;1
330000.0;curitiba;centro;4;
179000.0;são josé dos pinhais;afonso pena;3;1
190000.0;araucária;porto das laranjeiras;3;1
205000.0;curitiba;centro;1;
350000.0;curitiba;atuba;3;2
220000.0;curitiba;novo mundo;2;1
245000.0;curitiba;cabral;1;
2500000.0;curitiba;rebouças;3;4
225000.0;curitiba;pinheirinho;3;2
122000.0;curitiba;campo santana;2;1
650000.0;curitiba;ecoville;3;2
4200000.0;curitiba;ecoville;3;3
477000.0;curitiba;cristo rei;2;1
498000.0;curitiba;cristo rei;2;1
822983.74;curitiba;alto da rua xv;3;2
495000.0;curitiba;cristo rei;2;1
489000.0;curitiba;cristo rei;2;1
501000.0;curitiba;cristo rei;2;1
179900.0;são josé dos pinhais;afonso pena;2;1
220000.0;são josé dos pinhais;afonso pena;2;1
180000.0;são josé dos pinhais;cidade jardim;2;1
1499000.0;curitiba;cabral;3;2
1250000.0;curitiba;juvevê;5;2
929000.0;curitiba;batel;3;1
625000.0;curitiba;água verde;3;1
129900.0;araucária;fazenda velha;2;1
180000.0;são josé dos pinhais;braga;3;1
340000.0;curitiba;bacacheri;2;1
210000.0;são josé dos pinhais;afonso pena;3;1
1034126.13;curitiba;cristo rei;3;2
1340000.0;araucária;vila nova;3;2
470000.0;curitiba;vila izabel;3;1
114950.0;curitiba;cidade industrial de curitiba;2;1
212000.0;são josé dos pinhais;afonso pena;2;1
505000.0;curitiba;rebouças;2;1
471000.0;curitiba;rebouças;2;1
1877900.0;curitiba;champagnat;3;2
239000.0;curitiba;campo comprido;2;
2990000.0;curitiba;batel;4;2
695150.0;curitiba;cabral;3;1
1302513.0;curitiba;juvevê;3;2
1385878.0;curitiba;juvevê;3;2
1168942.46;curitiba;água verde;3;2
1303426.13;curitiba;água verde;3;2
695150.0;curitiba;cabral;3;1
285000.0;são josé dos pinhais;afonso pena;3;1
640000.0;curitiba;novo mundo;3;2
766000.0;curitiba;pilarzinho;3;2
1420000.0;curitiba;vila izabel;3;3
3562145.0;curitiba;mossunguê;4;4
155000.0;curitiba;alto boqueirão;2;1
280000.0;curitiba;novo mundo;3;1
198000.0;araucária;estação;2;2
795000.0;curitiba;alto da gloria/juvevê;2;2
368000.0;curitiba;bigorrilho;3;1
172000.0;almirante tamandaré;vila feliz;2;1
235000.0;são josé dos pinhais;afonso pena;3;1
2100000.0;curitiba;juvevê;3;3
850000.0;curitiba;bigorrilho;4;2
225000.0;são josé dos pinhais;iracema ii;2;1
2200000.0;curitiba;água verde;3;3
195000.0;são josé dos pinhais;cidade jardim;3;1
180000.0;curitiba;boqueirão;1;1
130000.0;são josé dos pinhais;afonso pena;2;1
727500.0;curitiba;boa vista;3;2
1576000.0;curitiba;ecoville;3;4
225000.0;são josé dos pinhais;jd. planalto;3;1
155000.0;curitiba;uberaba;2;1
1438000.0;curitiba;ahú;3;3
385000.0;curitiba;champagnat;3;2
145000.0;são josé dos pinhais;roseira de são sebastião;2;1
128500.0;curitiba;santa cândida;2;1
195000.0;pinhais;centro;2;1
991300.0;curitiba;água verde;3;2
175000.0;são josé dos pinhais;cidade jardim;2;1
640000.0;curitiba;santo inácio;3;2
130000.0;araucária;capela velha;2;1
330000.0;curitiba;água verde;3;1
0.0;curitiba;santa quitéria;0;0
180000.0;são josé dos pinhais;roseira de são sebastião;2;1
270000.0;curitiba;capão raso;2;1
1180000.0;curitiba;bigorrilho;5;2
980000.0;curitiba;mercês;3;2
290000.0;são josé dos pinhais;afonso pena;3;1
760000.0;curitiba;pilarzinho;3;2
249000.0;são josé dos pinhais;iracema ii;2;1
245000.0;são josé dos pinhais;iracema ii;2;1
220000.0;curitiba;bacacheri;1;1
1990000.0;curitiba;água verde;3;3
200000.0;curitiba;boqueirão;1;1
220000.0;são josé dos pinhais;iracema ii;2;1
1280000.0;curitiba;centro;4;2
225000.0;curitiba;água verde;3;1
139900.0;araucária;tindiquera;2;1
190000.0;campo largo;jardim ceu azul;2;1
160000.0;almirante tamandaré;jardim benfica;2;1
379900.0;curitiba;capão raso;3;1
0.0;curitiba;batel;0;0
599000.0;curitiba;bigorrilho;3;2
232000.0;curitiba;santa quitéria;3;1
180000.0;são josé dos pinhais;parque da fonte;2;1
235000.0;curitiba;cristo rei;2;1
171811.05;curitiba;cajuru;1;
1358746.0;curitiba;seminário;3;2
590000.0;curitiba;água verde;2;1
1576462.0;curitiba;seminário;3;2
137886.58;curitiba;cajuru;1;
390000.0;curitiba;cristo rei;3;1
250000.0;são josé dos pinhais;afonso pena;3;1
298000.0;curitiba;capão raso;2;1
3100000.0;curitiba;ahú;4;4
1100000.0;curitiba;portão;3;3
520000.0;curitiba;novo mundo;3;1
350000.0;curitiba;centro;3;0
179300.0;araucária;estação;2;1
346000.0;curitiba;bacacheri;3;1
135000.0;são josé dos pinhais;ouro fino;2;1
395000.0;curitiba;campo comprido;2;2
190000.0;curitiba;boa vista;3;1
339000.0;curitiba;neoville;3;2
169000.0;curitiba;boqueirão;2;1
250000.0;são josé dos pinhais;aristocrata;2;1
125000.0;curitiba;santa cândida;2;
180000.0;curitiba;fazendinha;3;1
115000.0;araucária;costeira;2;1
265000.0;araucária;iguaçu;3;1
395000.0;curitiba;santa cândida;2;2
260000.0;são josé dos pinhais;bom jesus;3;2
247000.0;são josé dos pinhais;pedro moro;2;1
399000.0;curitiba;centro;3;1
390000.0;curitiba;cabral;3;1
199900.0;são josé dos pinhais;parque da fonte;3;1
220000.0;curitiba;cidade industrial de curitiba;3;1
360000.0;são josé dos pinhais;boneca do iguacu;3;1
716159.29;curitiba;vila izabel;3;1
621875.36;curitiba;vila izabel;2;1
899000.0;curitiba;água verde;4;2
900000.0;curitiba;mercês;3;1
285000.0;são josé dos pinhais;bom jesus;3;1
192000.0;curitiba;pilarzinho;2;1
384000.0;curitiba;centro;1;1
386000.0;curitiba;centro;1;
743500.0;curitiba;ahú;2;2
788500.0;curitiba;ahú;2;2
255000.0;curitiba;xaxim;3;1
580000.0;curitiba;campo comprido;2;1
670000.0;curitiba;cabral;1;1
930000.0;curitiba;ecoville;3;2
3850000.0;curitiba;ecoville;3;4
1620000.0;curitiba;bigorrilho;4;2
2600000.0;curitiba;bigorrilho;3;3
1090000.0;curitiba;água verde;3;2
630000.0;curitiba;bigorrilho;2;1
3200000.0;curitiba;hugo lange;3;4
1073600.0;curitiba;mercês;2;2
1750000.0;curitiba;água verde;4;3
7500000.0;curitiba;ecoville;3;4
2665000.0;curitiba;cabral;4;3
1390000.0;curitiba;bigorrilho;2;2
890000.0;curitiba;alto da rua xv;3;2
1100000.0;curitiba;ecoville;3;2
955000.0;curitiba;água verde;4;2
449000.0;curitiba;batel;2;1
970000.0;curitiba;ecoville;3;2
265000.0;curitiba;novo mundo;3;1
170000.0;colombo;campo pequeno;2;1
180000.0;curitiba;boa vista;2;
531202.22;curitiba;água verde;2;1
655500.0;curitiba;água verde;2;2
870500.0;curitiba;ahú;3;2
570000.0;curitiba;bigorrilho;2;1
756500.0;curitiba;ahú;2;2
899000.0;curitiba;água verde;3;2
1110000.0;curitiba;juvevê;3;2
1150000.0;curitiba;juvevê;3;2
599000.0;curitiba;bacacheri;3;1
1035000.0;curitiba;juvevê;3;2
553000.0;curitiba;bacacheri;2;1
499000.0;curitiba;bacacheri;2;1
998000.0;curitiba;ahú;3;2
1250000.0;curitiba;juvevê;3;2
998000.0;curitiba;ahú;3;2
185000.0;curitiba;cristo rei;2;0
663000.0;curitiba;água verde;2;1
998000.0;curitiba;juvevê;3;2
173900.0;araucária;centro;2;1
628000.0;curitiba;cristo rei;3;1
169900.0;curitiba;centro;1;0
434000.0;curitiba;boa vista;2;1
610000.0;curitiba;cabral;3;2
585000.0;curitiba;cristo rei;2;2
925000.0;curitiba;água verde;3;1
883500.0;curitiba;ahú;3;2
185000.0;curitiba;cristo rei;2;0
575000.0;curitiba;cristo rei;3;1
251900.0;curitiba;rebouças;1;0
251125.0;curitiba;centro;1;0
1390000.0;curitiba;seminário;3;2
284900.0;curitiba;tingui;;
135000.0;são josé dos pinhais;ouro fino;2;1
120000.0;são josé dos pinhais;costeira;1;1
135000.0;são josé dos pinhais;ouro fino;2;1
120000.0;são josé dos pinhais;costeira;1;1
550000.0;curitiba;bacacheri;3;2
395000.0;curitiba;santa cândida;2;2
295000.0;araucária;centro;2;1
1050000.0;curitiba;cristo rei;3;2
225900.0;curitiba;rebouças;1;
699000.0;curitiba;bigorrilho;3;1
199900.0;curitiba;rebouças;1;
675000.0;curitiba;ecoville;3;2
159000.0;são josé dos pinhais;boneca do iguacu;2;1
135000.0;são josé dos pinhais;colonia rio grande;2;1
485800.0;curitiba;vila izabel;2;1
3994900.0;curitiba;champagnat;3;4
500000.0;curitiba;capão raso;3;2
730000.0;curitiba;vila izabel;3;2
2500000.0;curitiba;ecoville;4;3
315000.0;curitiba;rebouças;3;1
218000.0;são josé dos pinhais;afonso pena;2;1
254000.0;curitiba;xaxim;3;1
995000.0;curitiba;água verde;3;2
199500.0;curitiba;juvevê;1;0
284000.0;curitiba;juvevê;1;0
199900.0;curitiba;rebouças;1;0
730300.0;curitiba;mercês;2;2
1068600.0;curitiba;mercês;2;3
420000.0;são josé dos pinhais;tres marias;3;1
2590000.0;curitiba;água verde;5;3
648000.0;curitiba;alto da glória;3;1
240000.0;curitiba;centro;2;
668000.0;curitiba;alto da glória;3;2
320000.0;são josé dos pinhais;afonso pena;3;1
703000.0;curitiba;alto da glória;3;2
3900000.0;curitiba;água verde;4;4
1720000.0;curitiba;bigorrilho;3;3
250000.0;araucária;costeira;3;1
490000.0;curitiba;boa vista;2;1
350000.0;curitiba;atuba;3;2
138300.0;colombo;guaraituba;2;1
135000.0;colombo;guaraituba;2;1
155000.0;colombo;são gabriel;3;1
1184492.78;curitiba;alto da rua xv;2;2
375000.0;curitiba;cristo rei;3;1
1005897.0;curitiba;cristo rei;2;2
520000.0;curitiba;bacacheri;2;2
791240.02;curitiba;alto da rua xv;2;1
300000.0;curitiba;pinheirinho;3;
199990.0;curitiba;boqueirão;3;1
2399000.0;curitiba;ecoville;3;3
1850000.0;curitiba;ecoville;3;2
1197428.73;curitiba;vila izabel;4;2
1670000.0;curitiba;batel;4;3
915000.0;curitiba;ecoville;3;2
2000650.16;curitiba;vila izabel;4;3
1360000.0;curitiba;bigorrilho;2;3
0.0;curitiba;batel;0;0
375000.0;curitiba;batel;1;0
781703.0;curitiba;cristo rei;3;2
230000.0;curitiba;tingui;2;
680000.0;curitiba;champagnat;2;1
390069.0;curitiba;rebouças;1;1
475764.0;curitiba;portão;2;1
155000.0;curitiba;cidade industrial de curitiba;2;2
1990000.0;curitiba;ecoville;3;3
1340000.0;curitiba;água verde;3;2
1235000.0;curitiba;batel;3;2
760000.0;curitiba;rebouças;3;2
500000.0;curitiba;água verde;2;1
673980.0;curitiba;seminário;2;2
671624.0;curitiba;seminário;2;2
760000.0;curitiba;são francisco;2;2
738000.0;curitiba;mercês;3;2
270000.0;curitiba;água verde;2;1
245000.0;curitiba;fazendinha;3;
3323300.0;curitiba;cabral;3;4
2980000.0;curitiba;cabral;3;4
1350000.0;curitiba;água verde;3;2
1300000.0;curitiba;batel;3;2
350000.0;curitiba;batel;1;0
1280000.0;curitiba;ahú;3;2
720000.0;curitiba;vila izabel;5;4
149000.0;araucária;capela velha;2;1
169500.0;curitiba;uberaba;2;1
1071200.0;curitiba;juvevê;3;2
2164426.0;curitiba;bigorrilho;3;3
434900.0;curitiba;boa vista;2;1
1401900.0;curitiba;champagnat;2;2
137000.0;curitiba;umbará;2;1
280500.0;curitiba;água verde;2;
1102400.0;curitiba;juvevê;3;2
998400.0;curitiba;juvevê;3;2
462084.3;curitiba;santa quitéria;2;2
1154400.0;curitiba;juvevê;3;2
290075.0;curitiba;campo comprido;2;1
315000.0;curitiba;bigorrilho;1;1
310000.0;curitiba;água verde;3;1
1650000.0;curitiba;batel;3;2
3500000.0;curitiba;água verde;4;4
220000.0;curitiba;guaíra;2;1
455000.0;curitiba;cristo rei;3;1
364016.0;curitiba;água verde;1;0
439000.0;curitiba;água verde;3;1
330000.0;curitiba;água verde;3;1
188682.0;curitiba;vila izabel;1;
2640000.0;pinhais;alphaville graciosa;1;
117000.0;piraquara;guarituba;4;
1057889.0;campo largo;qd 12 salgadinho;1;
1748000.0;curitiba;rebouças;1;5
124000.0;curitiba;cidade industrial de curitiba;2;
1132092.0;colombo;atuba;6;
138890.0;araucária;jd dona julia;2;
745805.0;curitiba;taboão;2;
122643.0;são josé dos pinhais;sao marcos;2;
477750.0;são josé dos pinhais;cidade jardim;2;4
118469.0;piraquara;planta são tiago;2;
734955.0;curitiba;barreirinha;5;
495416.0;são josé dos pinhais;boneca do iguacu;5;
186450.0;curitiba;boa vista;3;
317250.0;contenda;jd são joão;3;
327600.0;campo largo;bom jesus;3;
2680000.0;curitiba;cabral;3;4
270000.0;curitiba;fanny;2;1
220000.0;curitiba;novo mundo;3;
115000.0;curitiba;alto boqueirão;2;
185000.0;curitiba;bairro alto;2;1
1030000.0;curitiba;água verde;3;2
280000.0;curitiba;parolin;3;2
790000.0;curitiba;ecoville;3;2
1879300.0;curitiba;batel;2;2
3712518.0;curitiba;juvevê;4;3
3249789.0;curitiba;cabral;3;3
220000.0;curitiba;centro;2;0
133000.0;curitiba;campo comprido;2;1
172395.0;curitiba;pinheirinho;2;
332800.0;pinhais;jardim amelia;1;
300000.0;curitiba;batel;1;0
2937127.15;curitiba;batel;2;3
4541383.01;curitiba;batel;3;4
320000.0;curitiba;centro;2;1
183900.0;são josé dos pinhais;boneca do iguacu;2;1
284000.0;são josé dos pinhais;pedro moro;3;1
233820.0;colombo;santa terezinha;2;1
255150.0;colombo;santa terezinha;3;1
199755.0;colombo;santa terezinha;2;1
3300000.0;curitiba;ecoville;3;4
940000.0;curitiba;alto da glória;2;2
1750000.0;curitiba;ecoville;3;3
720000.0;curitiba;centro;4;1
161504.0;curitiba;cidade industrial de curitiba;3;
298000.0;curitiba;neoville;3;1
369900.0;curitiba;vila izabel;3;1
598000.0;curitiba;água verde;3;1
780000.0;curitiba;vila izabel;3;2
290000.0;curitiba;água verde;3;1
150000.0;araucária;cachoeira;2;1
220000.0;curitiba;campo comprido;2;1
220000.0;são josé dos pinhais;cidade jardim;3;2
205000.0;curitiba;sítio cercado;2;1
883480.0;curitiba;ecoville;3;1
750000.0;curitiba;juvevê;3;2
1690000.0;curitiba;água verde;3;2
1400000.0;curitiba;água verde;4;3
3150000.0;curitiba;cabral;3;3
1650000.0;curitiba;ecoville;3;3
750000.0;curitiba;batel;3;2
265000.0;são josé dos pinhais;afonso pena;3;1
1620000.0;curitiba;bigorrilho;3;3
2900000.0;curitiba;batel;4;4
880000.0;curitiba;cristo rei;3;2
279000.0;curitiba;cajuru;2;1
555842.0;curitiba;boa vista;3;1
130000.0;curitiba;cidade industrial de curitiba;;
224533.4;curitiba;santa cândida;2;1
330000.0;curitiba;centro;2;1
1150000.0;curitiba;centro;4;2
450000.0;araucária;centro;3;1
350000.0;araucária;vila nova;3;1
271400.0;araucária;estação;3;1
255000.0;araucária;iguaçu;2;1
169900.0;araucária;campina da barra;2;1
762491.0;curitiba;cabral;2;1
345060.0;curitiba;vila izabel;3;
125000.0;araucária;campina da barra;2;1
1340000.0;araucária;vila nova;3;2
167000.0;são josé dos pinhais;rio pequeno;3;1
259000.0;são josé dos pinhais;afonso pena;3;1
238000.0;são josé dos pinhais;afonso pena;3;1
199000.0;são josé dos pinhais;afonso pena;2;1
199000.0;são josé dos pinhais;afonso pena;2;1
199000.0;são josé dos pinhais;afonso pena;2;1
199000.0;são josé dos pinhais;afonso pena;2;1
800600.0;curitiba;água verde;3;1
189000.0;araucária;cachoeira;3;1
230000.0;araucária;centro;2;1
215000.0;colombo;campo pequeno;2;1
144900.0;araucária;estação;2;1
190000.0;são josé dos pinhais;afonso pena;3;1
210000.0;curitiba;pinheirinho;2;1
295000.0;curitiba;uberaba;2;1
1460000.0;curitiba;alto da glória;3;3
3799000.0;curitiba;cabral;4;4
1400000.0;curitiba;bigorrilho;3;2
238000.0;curitiba;bairro alto;2;1
290000.0;curitiba;neoville;3;1
320000.0;curitiba;neoville;3;1
190000.0;araucária;cachoeira;2;1
154000.0;araucária;thomaz coelho;2;1
153000.0;araucária;thomaz coelho;2;1
153000.0;araucária;thomaz coelho;2;1
1802371.0;curitiba;ahú;3;3
1837900.0;curitiba;água verde;3;3
928760.0;curitiba;cidade industrial de curitiba;3;2
135000.0;curitiba;tatuquara;2;1
643300.0;curitiba;mercês;2;1
580436.0;curitiba;boa vista;3;1
351900.0;curitiba;água verde;2;1
5104630.0;curitiba;cabral;3;4
1305000.0;curitiba;cabral;3;2
1241000.0;curitiba;mercês;3;2
2600000.0;curitiba;água verde;3;4
470000.0;curitiba;cristo rei;2;1
239900.0;curitiba;fanny;2;1
226692.0;curitiba;capão raso;1;0
790000.0;curitiba;santa felicidade;3;2
561000.0;curitiba;bacacheri;3;1
1490000.0;curitiba;batel;3;3
2903000.0;curitiba;mossunguê;3;3
1248000.0;curitiba;champagnat;2;2
511900.0;curitiba;água verde;3;1
1034126.0;curitiba;cristo rei;3;2
450000.0;curitiba;alto da rua xv;1;1
272280.0;curitiba;portão;3;1
776147.0;curitiba;água verde;2;2
3043301.0;curitiba;água verde;3;3
922694.0;curitiba;champagnat;3;2
1694000.0;curitiba;água verde;3;3
835000.0;curitiba;ahú;3;2
922694.0;curitiba;champagnat;3;2
4505883.0;curitiba;cidade industrial de curitiba;4;0
4048644.0;curitiba;batel;3;4
1813900.0;curitiba;juvevê;3;3
489900.0;curitiba;mossunguê;2;1
900000.0;curitiba;bigorrilho;3;2
569900.0;curitiba;mossunguê;3;1
5181000.0;curitiba;cidade industrial de curitiba;3;4
693000.0;curitiba;vila izabel;2;2
2819034.0;curitiba;cabral;4;3
239900.0;curitiba;fanny;2;1
5400000.0;curitiba;batel;4;4
5000000.0;curitiba;água verde;4;5
1284208.0;curitiba;champagnat;3;3
1378100.0;curitiba;hugo lange;3;3
494113.0;curitiba;boa vista;2;1
470000.0;curitiba;cristo rei;2;1
1111635.0;curitiba;água verde;3;2
745000.0;curitiba;alto da glória;3;2
1637444.0;curitiba;ahú;3;3
713720.0;curitiba;água verde;3;2
833340.0;curitiba;cidade industrial de curitiba;3;2
1755000.0;curitiba;água verde;3;3
13050000.0;curitiba;água verde;3;5
1536150.0;curitiba;juvevê;3;3
636700.0;curitiba;centro;2;1
368000.0;curitiba;rebouças;2;1
798700.0;curitiba;centro;3;1
743505.0;curitiba;boa vista;3;2
2100000.0;curitiba;água verde;4;3
713720.0;curitiba;portão;3;2
4092160.0;curitiba;batel;3;4
1656200.0;curitiba;alto da glória;3;3
224600.0;curitiba;guaíra;1;0
3452362.0;curitiba;cabral;3;4
9570000.0;curitiba;cabral;4;5
275000.0;curitiba;portão;3;1
879000.0;curitiba;bacacheri;3;2
1093670.0;curitiba;bigorrilho;3;2
157900.0;curitiba;tingui;1;0
621627.0;curitiba;cabral;2;1
351900.0;curitiba;água verde;2;1
426930.0;curitiba;boa vista;3;1
574400.0;curitiba;água verde;2;1
1431000.0;curitiba;água verde;3;2
3200000.0;curitiba;cidade industrial de curitiba;4;1
1609000.0;curitiba;alto da glória;3;3
922694.0;curitiba;bigorrilho;3;2
254900.0;curitiba;tingui;2;1
2900000.0;curitiba;juvevê;4;4
643413.0;curitiba;bacacheri;3;2
2692789.0;curitiba;alto da glória;4;3
900000.0;curitiba;bigorrilho;4;2
320000.0;curitiba;centro;1;0
1694000.0;curitiba;água verde;3;3
471000.0;curitiba;bacacheri;2;1
555842.0;curitiba;boa vista;2;1
500900.0;curitiba;água verde;3;1
841000.0;curitiba;cristo rei;3;1
1721000.0;curitiba;alto da glória;3;3
1060000.0;curitiba;cidade industrial de curitiba;3;2
4790000.0;curitiba;água verde;4;4
850000.0;curitiba;mossunguê;3;2
950000.0;curitiba;cristo rei;3;2
4993700.0;curitiba;água verde;4;4
810955.0;curitiba;portão;3;2
922694.0;curitiba;champagnat;3;2
387000.0;curitiba;capão raso;2;1
205534.0;curitiba;boa vista;1;0
642772.0;curitiba;batel;2;1
755000.0;curitiba;mercês;3;1
351900.0;curitiba;água verde;2;1
1300000.0;curitiba;mercês;4;4
314937.0;curitiba;bacacheri;2;1
1002400.0;curitiba;mercês;2;2
215000.0;curitiba;lindóia;2;1
752616.0;curitiba;água verde;2;2
321345.0;curitiba;boa vista;1;1
769000.0;curitiba;vila izabel;3;2
895000.0;curitiba;água verde;3;2
425000.0;curitiba;portão;2;1
774812.0;curitiba;alto da glória;2;2
776147.0;curitiba;água verde;2;1
1518500.0;curitiba;juvevê;3;3
1818296.0;curitiba;bigorrilho;3;3
1750000.0;curitiba;água verde;4;3
490000.0;curitiba;vila izabel;3;2
1358746.0;curitiba;batel;1;1
790900.0;curitiba;cidade industrial de curitiba;3;2
1345000.0;curitiba;alto da glória;3;2
206600.0;curitiba;santa cândida;3;1
2600000.0;curitiba;mossunguê;4;3
1690000.0;curitiba;batel;4;3
6804153.0;curitiba;cabral;4;4
4265700.0;curitiba;água verde;4;4
665000.0;curitiba;centro;3;1
1200000.0;curitiba;água verde;4;3
1299900.0;curitiba;batel;3;2
193900.0;curitiba;centro;1;0
3250000.0;curitiba;juvevê;4;4
128000.0;curitiba;sítio cercado;2;1
1431000.0;curitiba;água verde;3;2
451000.0;curitiba;cidade industrial de curitiba;3;1
275000.0;curitiba;portão;3;1
190000.0;curitiba;boa vista;2;1
2476100.0;curitiba;cabral;1;1
285000.0;curitiba;bacacheri;2;0
1000480.0;curitiba;mossunguê;4;2
199000.0;curitiba;boqueirão;1;1
223000.0;curitiba;santa felicidade;2;1
1854100.0;curitiba;água verde;3;3
612610.0;curitiba;cabral;2;2
841600.0;curitiba;água verde;3;2
798700.0;curitiba;batel;3;1
940000.0;curitiba;centro;1;0
283000.0;curitiba;portão;3;1
1680000.0;curitiba;são francisco;3;3
1150000.0;curitiba;campo comprido;3;3
1140500.0;curitiba;mercês;3;3
4000000.0;curitiba;mossunguê;4;3
798700.0;curitiba;centro;3;1
1837900.0;curitiba;água verde;3;3
1056110.0;curitiba;jardim botânico;3;2
2035440.0;curitiba;juvevê;3;3
1950000.0;curitiba;juvevê;3;3
889000.0;curitiba;juvevê;3;2
508000.0;curitiba;portão;3;2
351900.0;curitiba;água verde;2;1
154872.0;curitiba;centro;1;0
351900.0;curitiba;água verde;2;1
3562145.0;curitiba;mossunguê;4;4
6461700.0;curitiba;bigorrilho;4;5
1431000.0;curitiba;água verde;3;2
566270.0;curitiba;cabral;2;2
316638.0;curitiba;campo comprido;1;1
1694000.0;curitiba;água verde;3;3
445234.0;curitiba;boa vista;1;0
823950.0;curitiba;centro;1;2
1690000.0;curitiba;mossunguê;3;3
969237.0;curitiba;alto da glória;3;2
4092160.0;curitiba;batel;3;4
645000.0;curitiba;ahú;2;2
1680000.0;curitiba;cabral;4;3
550000.0;curitiba;centro;1;0
1471575.0;curitiba;mercês;3;2
606861.0;curitiba;cabral;2;2
636700.0;curitiba;centro;2;1
1814400.0;curitiba;água verde;3;3
643413.0;curitiba;bacacheri;3;2
293950.0;curitiba;portão;3;1
343839.0;curitiba;boa vista;2;1
1536150.0;curitiba;juvevê;3;3
4300000.0;curitiba;batel;1;0
836344.0;curitiba;boa vista;3;1
895000.0;curitiba;centro;2;2
4063000.0;curitiba;batel;3;4
325000.0;curitiba;vista alegre;2;1
1029000.0;curitiba;champagnat;3;3
855100.0;curitiba;alto da glória;3;2
281900.0;curitiba;tingui;2;1
4347229.0;curitiba;batel;4;4
1908600.0;curitiba;água verde;3;3
2728700.0;curitiba;batel;3;3
186900.0;curitiba;centro;1;1
419035.0;curitiba;boa vista;2;1
1300000.0;curitiba;batel;4;2
434700.0;curitiba;capão raso;3;1
1644940.0;curitiba;juvevê;3;3
604400.0;curitiba;santo inácio;2;1
3908000.0;curitiba;campo comprido;4;5
479900.0;curitiba;mossunguê;2;1
1336078.0;curitiba;cidade industrial de curitiba;3;2
636700.0;curitiba;centro;2;1
1431000.0;curitiba;água verde;3;2
1260000.0;curitiba;batel;3;2
429930.0;curitiba;são francisco;1;1
528304.0;curitiba;bacacheri;3;2
14795400.0;curitiba;água verde;3;6
1185000.0;curitiba;batel;2;2
457000.0;curitiba;bacacheri;2;1
623900.0;curitiba;centro;2;1
153000.0;curitiba;augusta;2;1
320000.0;curitiba;mercês;1;1
636700.0;curitiba;centro;2;2
820700.0;curitiba;boa vista;3;1
267152.0;curitiba;tarumã;2;1
1217810.0;curitiba;hugo lange;1;0
1330000.0;curitiba;cabral;3;2
2370000.0;curitiba;champagnat;4;3
745000.0;curitiba;cristo rei;3;2
743000.0;curitiba;bacacheri;3;2
310555.0;curitiba;alto da glória;1;1
326900.0;curitiba;batel;2;1
1540000.0;curitiba;juvevê;3;2
2590913.0;curitiba;mossunguê;3;2
275000.0;curitiba;portão;3;1
3223000.0;curitiba;mossunguê;4;4
1140500.0;curitiba;mercês;3;3
489000.0;curitiba;vila izabel;3;1
185000.0;curitiba;centro;1;0
229900.0;curitiba;capão da imbuia;2;1
1114239.0;curitiba;cidade industrial de curitiba;3;2
823950.0;curitiba;centro;3;1
1068592.0;curitiba;são francisco;2;2
874694.0;curitiba;água verde;3;2
221990.0;curitiba;santa cândida;3;1
1210000.0;curitiba;cidade industrial de curitiba;4;2
1101437.0;curitiba;mossunguê;3;2
221000.0;curitiba;bacacheri;1;0
1049690.0;curitiba;bacacheri;3;3
633400.0;curitiba;água verde;1;1
1125000.0;curitiba;vila izabel;3;2
1644940.0;curitiba;juvevê;2;2
322000.0;curitiba;bacacheri;1;0
254900.0;curitiba;tingui;2;1
254900.0;curitiba;tingui;1;1
171600.0;curitiba;novo mundo;1;1
227900.0;curitiba;capão raso;1;1
798700.0;curitiba;batel;3;1
355000.0;curitiba;água verde;3;1
747400.0;curitiba;boa vista;3;2
205000.0;curitiba;água verde;1;0
780000.0;curitiba;cabral;3;2
663000.0;curitiba;cristo rei;3;1
790817.0;curitiba;campo comprido;3;2
771400.0;curitiba;alto da glória;2;2
1750000.0;curitiba;batel;2;3
495498.0;curitiba;bacacheri;3;1
285900.0;curitiba;novo mundo;2;1
585000.0;curitiba;boa vista;2;1
1431000.0;curitiba;água verde;3;2
280900.0;curitiba;tingui;1;0
666000.0;curitiba;cristo rei;3;1
885000.0;curitiba;alto da glória;3;2
485800.0;curitiba;barigui;2;1
631599.0;curitiba;cabral;3;2
1380000.0;curitiba;vila izabel;3;2
2926000.0;curitiba;cabral;3;2
361900.0;curitiba;água verde;1;1
275000.0;curitiba;portão;3;1
275000.0;curitiba;centro;3;0
1500000.0;curitiba;ahú;3;2
1518500.0;curitiba;juvevê;3;3
3032000.0;curitiba;cidade industrial de curitiba;3;3
484900.0;curitiba;boa vista;2;1
372000.0;curitiba;portão;3;1
385990.0;curitiba;capão raso;2;1
3985000.0;curitiba;batel;3;4
187531.0;curitiba;fazendinha;2;1
597465.0;curitiba;bacacheri;3;1
3200000.0;curitiba;cabral;3;4
1345337.0;curitiba;ahú;3;2
504000.0;curitiba;água verde;3;1
501615.0;curitiba;bacacheri;2;1
856200.0;curitiba;alto da glória;2;2
1346637.0;curitiba;água verde;3;2
8369266.0;curitiba;cabral;4;5
1555000.0;curitiba;batel;2;3
515000.0;curitiba;santo inácio;2;1
850000.0;curitiba;cabral;3;2
125000.0;curitiba;santa cândida;2;1
166600.0;curitiba;santa cândida;2;1
1458200.0;curitiba;mercês;2;2
815614.0;curitiba;água verde;2;2
351900.0;curitiba;água verde;2;1
700000.0;curitiba;cascatinha;3;1
605000.0;curitiba;cristo rei;2;1
429930.0;curitiba;são francisco;1;1
850065.0;curitiba;juvevê;3;2
1029000.0;curitiba;champagnat;3;3
797190.0;curitiba;centro;3;1
236900.0;curitiba;capão raso;1;1
2615400.0;curitiba;juvevê;3;3
2485577.0;curitiba;alto da glória;4;3
2485000.0;curitiba;água verde;4;3
889170.0;curitiba;cabral;3;2
628000.0;curitiba;alto da glória;2;2
680000.0;curitiba;bacacheri;1;2
296130.0;curitiba;campo comprido;1;0
1850000.0;curitiba;água verde;3;3
1330000.0;curitiba;batel;3;3
786328.0;curitiba;campo comprido;3;1
627000.0;curitiba;vila izabel;2;2
2692300.0;curitiba;cabral;3;3
847515100.0;curitiba;mercês;2;0
2900000.0;curitiba;batel;4;4
760000.0;curitiba;pilarzinho;2;2
705000.0;curitiba;ahú;2;1
317900.0;curitiba;bacacheri;2;1
800838.0;curitiba;bacacheri;3;2
685000.0;curitiba;cabral;3;2
476072.0;curitiba;ecoville;1;1
4092160.0;curitiba;batel;3;4
186900.0;curitiba;tingui;1;1
875000.0;curitiba;cabral;3;2
405000.0;curitiba;novo mundo;3;1
2903000.0;curitiba;cidade industrial de curitiba;3;3
435498.0;curitiba;bacacheri;2;1
9048629.0;curitiba;cabral;4;4
425410.0;curitiba;boa vista;3;1
1024000.0;curitiba;são francisco;2;2
471300.0;curitiba;bacacheri;2;1
230000.0;curitiba;cidade industrial de curitiba;1;0
897000.0;curitiba;bacacheri;3;2
155000.0;curitiba;novo mundo;1;0
1990000.0;curitiba;centro;1;0
861000.0;curitiba;cabral;3;1
1455000.0;curitiba;cabral;3;2
1080000.0;curitiba;batel;4;2
825000.0;curitiba;ahú;3;2
850000.0;curitiba;juvevê;2;1
850000.0;curitiba;água verde;3;2
258900.0;curitiba;capão raso;1;1
1365583.0;curitiba;água verde;3;2
991773.0;curitiba;bigorrilho;3;2
3681000.0;curitiba;portão;3;2
789150.0;curitiba;centro;1;0
1554000.0;curitiba;mercês;3;2
722000.0;curitiba;cabral;2;1
909900.0;curitiba;centro;3;1
861790.0;curitiba;cabral;3;2
320000.0;curitiba;capão raso;2;1
765384.0;curitiba;cabral;3;2
351900.0;curitiba;água verde;2;2
459309.0;curitiba;batel;1;0
2500000.0;curitiba;mossunguê;3;4
954119.0;curitiba;cidade industrial de curitiba;3;2
5909000.0;curitiba;batel;4;4
539000.0;curitiba;boa vista;3;1
597464.0;curitiba;bacacheri;3;1
713720.0;curitiba;água verde;1;2
3700000.0;curitiba;ahú;4;4
571900.0;curitiba;cidade industrial de curitiba;2;1
514000.0;curitiba;centro;1;1
1837900.0;curitiba;água verde;3;3
5360937.0;curitiba;água verde;4;4
4557700.0;curitiba;batel;3;4
333000.0;curitiba;boa vista;2;1
1140500.0;curitiba;mercês;3;3
1079000.0;curitiba;bigorrilho;1;2
351900.0;curitiba;água verde;2;1
245000.0;curitiba;guaíra;2;1
764000.0;curitiba;vila izabel;3;2
318000.0;curitiba;bigorrilho;1;1
701570.0;curitiba;boa vista;3;1
227900.0;curitiba;tingui;2;1
289730.0;curitiba;boqueirão;2;1
1650000.0;curitiba;cabral;4;2
741930.0;curitiba;cabral;2;2
941200.0;curitiba;água verde;3;2
7820838.0;curitiba;campina do siqueira;4;3
229900.0;curitiba;lindóia;2;1
1600000.0;curitiba;água verde;4;3
633400.0;curitiba;água verde;1;1
3032000.0;curitiba;cidade industrial de curitiba;3;3
6063400.0;curitiba;água verde;3;5
631700.0;curitiba;mercês;2;1
1431000.0;curitiba;água verde;3;2
1640682.0;curitiba;água verde;3;2
1490000.0;curitiba;alto da glória;2;3
197200.0;curitiba;água verde;1;0
489900.0;curitiba;mossunguê;2;1
286000.0;curitiba;portão;3;1
268526.0;curitiba;campo comprido;2;1
2950000.0;curitiba;cidade industrial de curitiba;4;4
533236.0;curitiba;água verde;2;2
195257.0;curitiba;bacacheri;1;0
800838.0;curitiba;bacacheri;3;2
1403217.0;curitiba;alto da glória;3;2
399851.0;curitiba;boa vista;2;1
1755000.0;curitiba;água verde;3;3
1066000.0;curitiba;augusta;1;0
5128500.0;curitiba;batel;4;6
3750000.0;curitiba;seminário;1;4
864000.0;curitiba;vila izabel;3;2
628000.0;curitiba;alto da glória;3;2
268652.0;curitiba;campo comprido;2;1
800838.0;curitiba;bacacheri;3;2
2279000.0;curitiba;água verde;1;0
1190000.0;curitiba;bigorrilho;4;3
151008.0;curitiba;rebouças;1;0
1637444.0;curitiba;ahú;3;2
739742.0;curitiba;boa vista;3;1
1150000.0;curitiba;centro;4;2
369800.0;curitiba;água verde;2;1
637000.0;curitiba;cristo rei;2;1
840790.0;curitiba;cristo rei;3;1
299000.0;curitiba;rebouças;4;1
1059000.0;curitiba;batel;3;2
702376.0;curitiba;bacacheri;3;2
713720.0;curitiba;portão;3;2
895000.0;curitiba;alto da rua xv;2;2
972400.0;curitiba;batel;3;2
399000.0;curitiba;portão;3;1
457000.0;curitiba;bacacheri;2;1
429930.0;curitiba;são francisco;1;1
1544800.0;curitiba;juvevê;3;3
725000.0;curitiba;cabral;2;1
450000.0;curitiba;portão;3;1
457000.0;curitiba;bacacheri;2;1
514412.0;curitiba;água verde;2;2
510000.0;curitiba;portão;3;3
2200000.0;curitiba;água verde;3;3
654160.0;curitiba;centro;3;2
813000.0;curitiba;ahú;3;2
2470600.0;curitiba;cabral;1;3
1319000.0;curitiba;água verde;3;2
1431000.0;curitiba;água verde;3;2
863320.0;curitiba;cabral;3;2
412282.0;curitiba;centro;1;0
1536150.0;curitiba;juvevê;3;3
260000.0;curitiba;pinheirinho;1;1
1403000.0;curitiba;alto da glória;3;1
275000.0;curitiba;novo mundo;2;1
1100000.0;curitiba;cabral;4;2
779588.0;curitiba;bacacheri;3;2
998612.0;curitiba;boa vista;3;1
299655.0;curitiba;boqueirão;2;1
511000.0;curitiba;santo inácio;3;2
2035440.0;curitiba;juvevê;3;3
2924667.0;curitiba;ecoville;1;4
337490.0;curitiba;seminário;1;1
485900.0;curitiba;centro;2;1
427000.0;curitiba;cidade industrial de curitiba;2;2
272900.0;curitiba;água verde;1;0
1048300.0;curitiba;mercês;1;2
797190.0;curitiba;centro;2;1
2850000.0;curitiba;água verde;3;4
265900.0;curitiba;tingui;2;1
692000.0;curitiba;centro;2;2
1431000.0;curitiba;água verde;3;2
275000.0;curitiba;portão;3;1
315900.0;curitiba;campo comprido;1;1
3562145.0;curitiba;mossunguê;4;4
627000.0;curitiba;vila izabel;2;0
1431000.0;curitiba;água verde;3;2
275000.0;curitiba;cristo rei;2;1
9933574.0;curitiba;cabral;4;5
630881.0;curitiba;cabral;2;1
3865929.0;curitiba;água verde;3;3
2580165.0;curitiba;batel;3;3
501000.0;curitiba;centro;2;1
624000.0;curitiba;bacacheri;3;1
400000.0;curitiba;vila izabel;3;1
251900.0;curitiba;cidade industrial de curitiba;2;1
850000.0;curitiba;cidade industrial de curitiba;3;2
2500000.0;curitiba;batel;4;4
2590000.0;curitiba;água verde;3;3
772337.0;curitiba;bacacheri;3;2
800838.0;curitiba;bacacheri;3;2
4790000.0;curitiba;água verde;3;4
457000.0;curitiba;bacacheri;2;1
780000.0;curitiba;batel;3;2
738900.0;curitiba;alto da glória;2;2
6198410.0;curitiba;campo comprido;4;4
544914.0;curitiba;centro;1;0
922694.0;curitiba;champagnat;3;2
585000.0;curitiba;centro;3;1
1694000.0;curitiba;água verde;3;3
272900.0;curitiba;água verde;1;0
9381000.0;curitiba;cabral;4;5
1222287.0;curitiba;cidade industrial de curitiba;4;2
253440.0;curitiba;centro;1;0
660000.0;curitiba;vila izabel;2;1
159000.0;curitiba;centro;1;0
1080000.0;curitiba;mercês;3;1
419035.0;curitiba;boa vista;1;1
3113318.0;curitiba;mossunguê;3;0
505920.0;curitiba;boa vista;2;1
777200.0;curitiba;batel;1;0
349140.0;curitiba;novo mundo;3;2
1515910.0;curitiba;juvevê;3;3
343519.0;curitiba;boa vista;2;1
2200000.0;curitiba;água verde;4;3
511000.0;curitiba;santo inácio;3;2
617800.0;curitiba;barigui;2;1
1305000.0;curitiba;cabral;3;2
634500.0;curitiba;boa vista;3;2
835000.0;curitiba;ahú;3;2
1431000.0;curitiba;água verde;3;2
928760.0;curitiba;cidade industrial de curitiba;3;2
731000.0;curitiba;bigorrilho;2;2
1330000.0;curitiba;batel;3;3
695000.0;curitiba;bom retiro;3;2
8845129.0;curitiba;cabral;5;4
3252000.0;curitiba;mossunguê;4;4
2875320.0;curitiba;campo comprido;4;4
6315000.0;curitiba;batel;4;5
1421000.0;curitiba;água verde;3;2
4790900.0;curitiba;água verde;4;4
3562145.0;curitiba;mossunguê;5;4
1305000.0;curitiba;cabral;1;2
624000.0;curitiba;bacacheri;3;1
845500.0;curitiba;alto da glória;3;2
6541400.0;curitiba;bigorrilho;4;5
864839.0;curitiba;cabral;3;1
254900.0;curitiba;tingui;2;1
1600000.0;curitiba;seminário;3;3
2100000.0;curitiba;água verde;1;3
419900.0;curitiba;mossunguê;2;1
2087000.0;curitiba;alto da glória;3;3
928760.0;curitiba;cidade industrial de curitiba;3;2
1426100.0;curitiba;juvevê;3;3
850000.0;curitiba;cidade industrial de curitiba;3;2
1420000.0;curitiba;são francisco;3;3
249500.0;curitiba;campo comprido;3;1
215591.0;curitiba;água verde;1;0
1564000.0;curitiba;cidade industrial de curitiba;3;3
498750.0;curitiba;boa vista;2;1
4419532.0;curitiba;batel;4;4
1810525.0;curitiba;mossunguê;1;0
874000.0;curitiba;cidade industrial de curitiba;3;2
4790900.0;curitiba;batel;4;4
1005343.0;curitiba;cidade industrial de curitiba;3;2
5484276.0;curitiba;cabral;3;4
963200.0;curitiba;centro;3;1
760000.0;curitiba;bigorrilho;4;1
2926000.0;curitiba;cabral;4;3
3978469.0;curitiba;batel;4;4
588634.0;curitiba;bigorrilho;2;2
955179.0;curitiba;cabral;3;2
4190900.0;curitiba;bigorrilho;4;4
1450000.0;curitiba;alto da glória;3;2
929700.0;curitiba;santo inácio;3;2
572000.0;curitiba;bacacheri;2;1
670000.0;curitiba;bigorrilho;2;2
4092160.0;curitiba;batel;3;4
631599.0;curitiba;cabral;3;1
706600.0;curitiba;alto da glória;2;2
606400.0;curitiba;mercês;2;1
264900.0;curitiba;novo mundo;2;1
1640000.0;curitiba;bigorrilho;3;3
2590000.0;curitiba;mossunguê;3;3
362000.0;curitiba;cidade industrial de curitiba;2;1
737400.0;curitiba;santo inácio;3;2
1130228.0;curitiba;cidade industrial de curitiba;3;1
790000.0;curitiba;santo inácio;3;2
1431000.0;curitiba;água verde;3;2
850000.0;curitiba;cidade industrial de curitiba;3;2
272900.0;curitiba;água verde;1;0
801729.0;curitiba;água verde;2;2
1623000.0;curitiba;ahú;3;3
239900.0;curitiba;lindóia;2;1
343700.0;curitiba;água verde;2;1
241502.0;curitiba;boa vista;1;1
329000.0;curitiba;portão;2;1
260000.0;curitiba;novo mundo;2;1
351900.0;curitiba;água verde;2;1
850000.0;curitiba;cidade industrial de curitiba;3;2
254900.0;curitiba;tingui;2;1
215591.0;curitiba;água verde;1;0
1815000.0;curitiba;água verde;3;3
625300.0;curitiba;cabral;3;2
627000.0;curitiba;vila izabel;2;2
284045.0;curitiba;campo comprido;3;1
1358746.0;curitiba;seminário;3;1
201225.0;curitiba;água verde;1;1
227000.0;curitiba;cristo rei;1;0
273900.0;curitiba;novo mundo;2;1
4600000.0;curitiba;batel;4;4
240900.0;curitiba;novo mundo;2;1
310000.0;curitiba;centro;1;0
885700.0;curitiba;centro;3;1
1310000.0;curitiba;mercês;3;1
898400.0;curitiba;campo comprido;3;2
351900.0;curitiba;água verde;2;1
626320.0;curitiba;seminário;1;2
750000.0;curitiba;batel;3;1
8421000.0;curitiba;cabral;4;4
8590000.0;curitiba;cabral;4;4
359684.0;curitiba;bacacheri;2;1
1890000.0;curitiba;cabral;4;3
235950.0;curitiba;rebouças;1;1
1431000.0;curitiba;água verde;3;2
1210490.0;curitiba;bigorrilho;3;3
764000.0;curitiba;vila izabel;3;2
511900.0;curitiba;água verde;3;1
680000.0;curitiba;bigorrilho;2;1
1777731.0;curitiba;batel;3;2
1570000.0;curitiba;cabral;3;2
1029000.0;curitiba;champagnat;3;3
275000.0;curitiba;portão;3;1
1890000.0;curitiba;água verde;4;2
249900.0;curitiba;cidade industrial de curitiba;3;1
850000.0;curitiba;mossunguê;3;2
1770000.0;curitiba;água verde;3;3
351900.0;curitiba;água verde;2;1
642772.0;curitiba;champagnat;2;2
3665500.0;curitiba;batel;1;4
242175.0;curitiba;capão raso;2;1
8400000.0;curitiba;batel;1;0
960000.0;curitiba;água verde;4;2
351900.0;curitiba;água verde;2;1
285900.0;curitiba;bom retiro;1;0
1431000.0;curitiba;água verde;3;2
611600.0;curitiba;água verde;2;1
2963566.0;curitiba;tarumã;3;3
2593095.0;curitiba;juvevê;3;2
1220000.0;curitiba;batel;4;2
351900.0;curitiba;água verde;2;1
800838.0;curitiba;bacacheri;3;2
599000.0;curitiba;bigorrilho;2;1
1790000.0;curitiba;alto da glória;2;3
870500.0;curitiba;ahú;3;2
1140500.0;curitiba;mercês;3;3
873488.0;curitiba;cabral;3;1
285000.0;curitiba;portão;3;1
1694000.0;curitiba;água verde;3;3
549000.0;curitiba;cristo rei;2;1
752500.0;curitiba;santo inácio;3;2
1949880.0;curitiba;hugo lange;3;0
3943000.0;curitiba;água verde;3;3
1217810.0;curitiba;juvevê;2;3
511900.0;curitiba;água verde;3;1
349140.0;curitiba;novo mundo;1;2
526000.0;curitiba;centro;2;1
802558.0;curitiba;cabral;3;1
835000.0;curitiba;ahú;1;2
275000.0;curitiba;portão;3;1
974830.0;curitiba;alto da rua xv;3;2
850000.0;curitiba;cidade industrial de curitiba;3;2
762200.0;curitiba;alto da glória;3;2
725000.0;curitiba;cabral;2;1
324000.0;curitiba;centro;1;1
234900.0;curitiba;capão da imbuia;1;1
653000.0;curitiba;alto da glória;3;1
1421000.0;curitiba;água verde;1;2
3650000.0;curitiba;seminário;4;4
1342898.0;curitiba;água verde;3;3
209000.0;curitiba;santa cândida;3;1
269900.0;curitiba;campo comprido;2;1
1005600.0;curitiba;champagnat;2;2
501615.0;curitiba;bacacheri;2;1
2334213.0;curitiba;bigorrilho;3;3
624000.0;curitiba;bacacheri;3;1
599000.0;curitiba;vila izabel;2;2
852674.0;curitiba;champagnat;3;2
272900.0;curitiba;água verde;1;0
234900.0;curitiba;capão da imbuia;2;1
500000.0;curitiba;alto da glória;2;1
450000.0;curitiba;centro;3;1
289900.0;curitiba;mossunguê;1;1
295000.0;curitiba;portão;2;1
351900.0;curitiba;água verde;2;1
1060000.0;curitiba;campina do siqueira;3;2
275000.0;curitiba;portão;3;1
1265000.0;curitiba;alto da glória;3;2
1342898.0;curitiba;água verde;3;2
798700.0;curitiba;bastel;3;1
762491.0;curitiba;cabral;2;1
234900.0;curitiba;capão da imbuia;2;1
1135700.0;curitiba;alto da glória;2;2
950000.0;curitiba;água verde;3;2
355816.0;curitiba;campo comprido;1;2
1190000.0;curitiba;cristo rei;3;3
859690.0;curitiba;batel;2;2
619900.0;curitiba;centro;2;1
190000.0;curitiba;rebouças;1;0
212905.0;curitiba;centro;1;0
2490000.0;curitiba;água verde;4;3
875567.0;curitiba;juvevê;2;1
1600000.0;curitiba;água verde;3;3
736800.0;curitiba;mercês;2;1
5257000.0;curitiba;água verde;3;5
3922900.0;curitiba;mossunguê;3;4
688800.0;curitiba;centro;2;1
1056983.0;curitiba;cidade industrial de curitiba;3;2
891939.0;curitiba;boa vista;3;2
272900.0;curitiba;água verde;1;0
245000.0;curitiba;centro;1;1
444000.0;curitiba;água verde;2;1
3032000.0;curitiba;cidade industrial de curitiba;3;3
351900.0;curitiba;água verde;2;1
1075187.0;curitiba;mossunguê;2;1
5206000.0;curitiba;cabral;3;4
790000.0;curitiba;campo comprido;3;2
270000.0;curitiba;água verde;1;0
229900.0;curitiba;tingui;3;1
782368.0;curitiba;cabral;3;2
1536150.0;curitiba;juvevê;3;3
630000.0;curitiba;cabral;2;2
475000.0;curitiba;ahú;2;2
2346898.0;curitiba;bigorrilho;3;3
460000.0;curitiba;cristo rei;2;0
755000.0;curitiba;mercês;3;1
680000.0;curitiba;bigorrilho;2;2
1150000.0;curitiba;alto da rua xv;3;2
159900.0;curitiba;tingui;1;0
800830.0;curitiba;bacacheri;3;2
1243788.0;curitiba;água verde;3;2
457400.0;curitiba;alto da glória;2;1
3200000.0;curitiba;mossunguê;4;4
479900.0;curitiba;mossunguê;2;1
446947.0;curitiba;boa vista;3;1
878288.0;curitiba;bacacheri;3;2
408913.0;curitiba;cabral;1;0
1140000.0;curitiba;mercês;3;2
636700.0;curitiba;centro;2;1
361900.0;curitiba;água verde;1;1
699000.0;curitiba;bigorrilho;3;2
1031980.0;curitiba;água verde;3;3
560000.0;curitiba;batel;2;1
993778.0;curitiba;mossunguê;3;2
360000.0;curitiba;alto da glória;3;1
419000.0;curitiba;boa vista;2;1
429903.0;curitiba;são francisco;1;1
210600.0;curitiba;cristo rei;1;0
1590000.0;curitiba;cidade industrial de curitiba;3;3
2842700.0;curitiba;cabral;3;3
249900.0;curitiba;cidade industrial de curitiba;2;1
199900.0;curitiba;portão;1;1
819000.0;curitiba;vila izabel;1;2
1837900.0;curitiba;água verde;3;3
790000.0;curitiba;alto da glória;2;1
220000.0;curitiba;pinheirinho;3;1
415000.0;curitiba;capão raso;1;1
9570000.0;curitiba;cabral;4;5
5185042.0;curitiba;campina do siqueira;4;4
1550000.0;curitiba;ahú;3;2
680000.0;curitiba;mercês;3;2
987584.0;curitiba;água verde;3;2
457000.0;curitiba;bacacheri;2;1
614505.0;curitiba;bacacheri;3;2
3900000.0;curitiba;seminário;4;4
624000.0;curitiba;bacacheri;3;1
255000.0;curitiba;novo mundo;1;0
1147105.0;curitiba;água verde;2;2
628000.0;curitiba;alto da glória;3;2
978900.0;curitiba;alto da glória;3;2
2590913.0;curitiba;cidade industrial de curitiba;3;3
288608.0;curitiba;cajuru;2;1
5056400.0;curitiba;água verde;3;4
649700.0;curitiba;alto da glória;2;1
254900.0;curitiba;tingui;2;1
455000.0;curitiba;capão raso;3;1
494113.0;curitiba;boa vista;2;1
525000.0;curitiba;vila izabel;2;1
1694000.0;curitiba;água verde;3;3
351900.0;curitiba;água verde;2;1
275000.0;curitiba;portão;3;1
819000.0;curitiba;vila izabel;3;2
328000.0;curitiba;ahú;3;2
885000.0;curitiba;ahú;3;2
969240.0;curitiba;centro;3;2
970000.0;curitiba;cidade industrial de curitiba;3;2
2903000.0;curitiba;cidade industrial de curitiba;3;3
760000.0;curitiba;batel;3;1
569000.0;curitiba;boa vista;3;1
882279.0;curitiba;cidade industrial de curitiba;3;2
840000.0;curitiba;vila izabel;3;2
499000.0;curitiba;bacacheri;3;1
790000.0;curitiba;barigui;3;2
240000.0;curitiba;capão raso;1;1
795000.0;curitiba;cabral;3;2
314900.0;curitiba;boa vista;2;1
211900.0;curitiba;boqueirão;2;1
750000.0;curitiba;água verde;1;2
1694000.0;curitiba;água verde;3;3
1007673.0;curitiba;bacacheri;3;3
1185600.0;curitiba;água verde;4;3
850000.0;curitiba;cidade industrial de curitiba;3;2
746912.0;curitiba;alto da glória;2;2
475000.0;curitiba;novo mundo;3;2
1290000.0;curitiba;cristo rei;3;3
1217810.0;curitiba;hugo lange;2;2
458000.0;curitiba;cristo rei;2;1
637000.0;curitiba;cristo rei;2;1
2490000.0;curitiba;campo comprido;4;4
1024100.0;curitiba;mercês;2;2
2460000.0;curitiba;ahú;3;4
351900.0;curitiba;água verde;2;1
1777731.0;curitiba;batel;3;2
1431000.0;curitiba;água verde;3;2
1033612.0;curitiba;boa vista;3;2
2810000.0;curitiba;cabral;3;3
254000.0;curitiba;centro;1;0
576890.0;curitiba;água verde;2;1
370000.0;curitiba;água verde;3;1
921519.0;curitiba;cabral;3;2
4872000.0;curitiba;cabral;3;4
190000.0;curitiba;água verde;2;0
479900.0;curitiba;mossunguê;2;1
663000.0;curitiba;cidade industrial de curitiba;3;2
617700.0;curitiba;mercês;2;12
652600.0;curitiba;água verde;1;1
940000.0;curitiba;água verde;3;2
189000.0;curitiba;alto da rua xv;1;0
624000.0;curitiba;bacacheri;3;1
1017660.0;curitiba;cabral;3;3
1290000.0;curitiba;cristo rei;3;3
797000.0;curitiba;cabral;1;0
457000.0;curitiba;bacacheri;2;1
679952.0;curitiba;seminário;2;0
2938570.0;curitiba;campo comprido;4;4
3000000.0;curitiba;batel;3;3
1440000.0;curitiba;juvevê;3;2
800838.0;curitiba;bacacheri;3;2
587300.0;curitiba;alto da glória;1;1
569900.0;curitiba;mossunguê;2;2
223000.0;curitiba;atuba;1;1
1047824.0;curitiba;batel;1;1
420930.0;curitiba;centro;2;0
1278000.0;curitiba;ahú;3;3
745000.0;curitiba;bom retiro;3;2
189000.0;curitiba;alto da rua xv;1;0
457000.0;curitiba;bacacheri;2;1
459000.0;curitiba;centro;2;1
3812196.0;curitiba;juvevê;3;3
241502.0;curitiba;bacacheri;1;1
740000.0;curitiba;batel;3;1
1750000.0;curitiba;água verde;1;3
810000.0;curitiba;água verde;3;2
351900.0;curitiba;água verde;2;1
272900.0;curitiba;água verde;1;0
3857000.0;curitiba;campo comprido;1;4
525000.0;curitiba;centro;2;0
351900.0;curitiba;água verde;2;1
1837900.0;curitiba;portão;3;2
4598170.0;curitiba;água verde;3;3
1421800.0;curitiba;batel;3;2
2650000.0;curitiba;mossunguê;3;4
457000.0;curitiba;bacacheri;2;1
1437725.0;curitiba;água verde;3;2
1020000.0;curitiba;cidade industrial de curitiba;3;2
464750.0;curitiba;centro;2;1
1305000.0;curitiba;cabral;1;2
990000.0;curitiba;cidade industrial de curitiba;3;2
895000.0;curitiba;centro;2;2
439000.0;curitiba;portão;3;2
5360937.0;curitiba;cabral;3;4
1005000.0;curitiba;mercês;2;3
1694000.0;curitiba;água verde;3;3
922694.0;curitiba;batel;3;2
827900.0;curitiba;centro;2;2
826000.0;curitiba;alto da glória;2;2
820700.0;curitiba;boa vista;3;1
3800000.0;curitiba;batel;3;2
550000.0;curitiba;bacacheri;3;2
477733.0;curitiba;centro;1;0
732672.0;curitiba;bigorrilho;2;1
380000.0;curitiba;tingui;2;2
1284208.0;curitiba;champagnat;3;2
510000.0;curitiba;portão;3;3
375000.0;curitiba;capão raso;3;1
4000000.0;curitiba;batel;4;4
511900.0;curitiba;água verde;3;1
679000.0;curitiba;seminário;2;1
457000.0;curitiba;bacacheri;2;1
766700.0;curitiba;alto da glória;3;2
620000.0;curitiba;bacacheri;2;2
1268000.0;curitiba;ecoville;4;2
2744760.0;curitiba;campo comprido;4;4
440000.0;curitiba;cristo rei;2;1
850000.0;curitiba;cidade industrial de curitiba;3;2
549200.0;curitiba;centro;1;2
241000.0;curitiba;centro;1;0
883480.0;curitiba;campina do siqueira;3;1
4400000.0;curitiba;água verde;4;3
1694000.0;curitiba;água verde;3;3
2735790.0;curitiba;ahú;3;3
320000.0;curitiba;novo mundo;2;1
275000.0;curitiba;portão;3;1
351900.0;curitiba;água verde;2;1
1029000.0;curitiba;champagnat;3;3
3700000.0;curitiba;ahú;4;4
1674109.0;curitiba;batel;3;2
701205.0;curitiba;bigorrilho;2;1
331900.0;curitiba;bacacheri;2;1
658500.0;curitiba;mercês;1;1
545100.0;curitiba;tarumã;1;1
509900.0;curitiba;mossunguê;2;1
538856.0;curitiba;cristo rei;2;1
3000000.0;curitiba;centro;4;3
489800.0;curitiba;tarumã;2;1
1962000.0;curitiba;alto da glória;3;3
142100.0;curitiba;novo mundo;1;0
1050000.0;curitiba;batel;3;2
3032000.0;curitiba;cidade industrial de curitiba;3;3
1850000.0;curitiba;água verde;3;3
266600.0;curitiba;vila izabel;1;0
722000.0;curitiba;cabral;2;1
480000.0;curitiba;bacacheri;3;1
624000.0;curitiba;bacacheri;3;1
263725.0;curitiba;centro;1;0
712465.0;curitiba;bacacheri;3;2
1384500.0;curitiba;água verde;3;2
999256.0;curitiba;cabral;3;2
360909.0;curitiba;boa vista;2;1
945000.0;curitiba;batel;3;2
787000.0;curitiba;mercês;2;2
2881900.0;curitiba;cabral;3;3
354000.0;curitiba;capão raso;2;1
4976352.0;curitiba;cabral;1;4
509000.0;curitiba;portão;3;3
631599.0;curitiba;cabral;3;2
1393251.0;curitiba;água verde;4;2
755000.0;curitiba;mercês;3;1
963675.0;curitiba;cabral;3;2
3162450.0;curitiba;batel;1;4
988050.0;curitiba;cidade industrial de curitiba;3;2
457000.0;curitiba;bacacheri;2;1
1221359.0;curitiba;bigorrilho;2;1
1431000.0;curitiba;água verde;3;2
1623677.0;curitiba;ahú;3;3
823950.0;curitiba;centro;3;1
1242300.0;curitiba;centro;1;0
580000.0;curitiba;vila izabel;2;1
743500.0;curitiba;ahú;2;2
254900.0;curitiba;tingui;2;1
361900.0;curitiba;água verde;1;1
800837.0;curitiba;bacacheri;3;2
299000.0;curitiba;centro;1;1
887805.0;curitiba;cabral;2;2
810000.0;curitiba;cabral;3;1
1190000.0;curitiba;cristo rei;3;3
692379.0;curitiba;bacacheri;3;2
1052168.0;curitiba;jardim botânico;3;2
1832693.0;curitiba;ahú;3;3
840790.0;curitiba;cristo rei;3;1
1164310.0;curitiba;cidade industrial de curitiba;4;2
558172.0;curitiba;tarumã;2;1
6859947.0;curitiba;cabral;1;0
345105.0;curitiba;juvevê;1;0
550000.0;curitiba;boa vista;3;2
550000.0;curitiba;bom retiro;2;2
329000.0;curitiba;água verde;2;1
635000.0;curitiba;cabral;2;1
1694000.0;curitiba;água verde;3;3
980000.0;curitiba;portão;3;2
346184.0;curitiba;pinheirinho;2;1
226000.0;curitiba;santa felicidade;2;1
480900.0;curitiba;alto da glória;2;1
850000.0;curitiba;cidade industrial de curitiba;3;2
1431000.0;curitiba;água verde;3;2
459000.0;curitiba;centro;2;1
815000.0;curitiba;batel;3;1
280000.0;curitiba;novo mundo;1;1
609180.0;curitiba;bacacheri;2;1
330000.0;curitiba;boa vista;3;1
267520.0;curitiba;centro;1;1
631599.0;curitiba;cabral;3;2
499900.0;curitiba;mossunguê;2;1
405900.0;curitiba;tingui;2;1
620000.0;curitiba;bacacheri;2;2
762491.0;curitiba;cabral;2;1
1378100.0;curitiba;hugo lange;1;0
10080527.0;curitiba;cabral;4;5
3100000.0;curitiba;juvevê;4;4
463000.0;curitiba;ahú;3;1
173900.0;curitiba;cidade industrial de curitiba;1;1
7079000.0;curitiba;bigorrilho;4;5
1350000.0;curitiba;água verde;3;3
861000.0;curitiba;cabral;3;1
350963.0;curitiba;boa vista;2;1
650000.0;curitiba;cabral;2;2
310000.0;curitiba;centro;2;1
760000.0;curitiba;são francisco;2;2
457000.0;curitiba;bacacheri;2;1
3034000.0;curitiba;campo comprido;4;4
267000.0;curitiba;cidade industrial de curitiba;1;0
784000.0;curitiba;ahú;3;2
1203250.0;curitiba;bigorrilho;2;2
540000.0;curitiba;bom retiro;2;1
656000.0;curitiba;centro;2;2
985291.0;curitiba;juvevê;2;1
355000.0;curitiba;centro;1;0
638000.0;curitiba;mercês;3;1
624000.0;curitiba;bacacheri;3;1
484900.0;curitiba;boa vista;2;1
640000.0;curitiba;boa vista;3;1
337076.0;curitiba;bacacheri;2;1
560000.0;curitiba;bom retiro;2;1
658714.0;curitiba;boa vista;2;1
244900.0;curitiba;água verde;1;1
1694000.0;curitiba;água verde;3;3
629166.0;curitiba;batel;3;1
187531.0;curitiba;fazendinha;2;1
269900.0;curitiba;novo mundo;2;1
164900.0;curitiba;cajuru;2;1
267900.0;curitiba;cidade industrial de curitiba;2;1
320900.0;curitiba;bacacheri;2;1
269900.0;curitiba;novo mundo;2;1
286799.0;curitiba;campo comprido;2;1
349000.0;curitiba;capão raso;2;1
153000.0;araucária;thomaz coelho;2;1
300900.0;curitiba;campo comprido;2;1
599000.0;curitiba;bairro alto;3;2
320000.0;araucária;tindiquera;3;1
310000.0;araucária;tindiquera;3;1
277000.0;araucária;tindiquera;3;1
320000.0;araucária;tindiquera;3;1
280000.0;araucária;tindiquera;3;1
305000.0;araucária;tindiquera;3;1
139000.0;são josé dos pinhais;afonso pena;2;1
961507.0;curitiba;água verde;2;2
3400000.0;curitiba;campo comprido;4;4
3755000.0;curitiba;batel;4;5
982318.0;curitiba;água verde;2;2
2730000.0;curitiba;batel;3;3
931525.0;curitiba;água verde;2;2
870000.0;curitiba;cabral;3;2
1110779.0;curitiba;água verde;3;2
477000.0;curitiba;água verde;1;1
960000.0;curitiba;são lourenço;3;2
399000.0;curitiba;bigorrilho;1;1
815614.0;curitiba;água verde;2;2
970000.0;curitiba;mossunguê;3;2
175000.0;araucária;campina da barra;2;1
200000.0;são josé dos pinhais;braga;2;1
290000.0;são josé dos pinhais;braga;3;1
169900.0;araucária;costeira;2;1
2050000.0;curitiba;água verde;3;2
1600000.0;curitiba;água verde;4;3
270000.0;curitiba;água verde;2;1
849000.0;curitiba;água verde;3;2
550000.0;curitiba;água verde;3;1
1990000.0;curitiba;batel;3;3
1600000.0;curitiba;água verde;4;3
795000.0;curitiba;batel;3;2
230000.0;curitiba;rebouças;3;
1790000.0;curitiba;batel;2;2
407000.0;curitiba;alto da rua xv;1;1
315000.0;curitiba;xaxim;2;1
530000.0;curitiba;centro;3;2
1200000.0;curitiba;cabral;3;2
850000.0;curitiba;batel;2;1
432000.0;curitiba;alto da rua xv;1;1
245900.0;curitiba;capão raso;2;1
682900.0;curitiba;água verde;3;1
174900.0;araucária;costeira;2;1
880000.0;curitiba;vila izabel;3;2
220000.0;curitiba;neoville;2;1
430000.0;curitiba;água verde;3;1
258000.0;colombo;campo pequeno;2;1
460000.0;curitiba;capão raso;3;2
750000.0;curitiba;alto da gloria/juvevê;3;1
216000.0;colombo;campo pequeno;2;1
3650000.0;curitiba;ecoville;3;4
610000.0;curitiba;mercês;2;1
578900.0;curitiba;vila izabel;2;2
480000.0;curitiba;centro;3;1
3700000.0;curitiba;ecoville;3;4
106590.0;são josé dos pinhais;afonso pena;2;
159000.0;araucária;costeira;2;1
296900.0;curitiba;novo mundo;2;1
280000.0;araucária;centro;2;1
250000.0;curitiba;centro;3;0
313900.0;curitiba;centro;1;1
375900.0;curitiba;tingui;2;1
129000.0;curitiba;capão da imbuia;1;
219900.0;curitiba;pinheirinho;2;1
229000.0;curitiba;cristo rei;3;1
360000.0;curitiba;uberaba;3;1
139000.0;curitiba;rebouças;1;
1150000.0;curitiba;ecoville;3;2
700000.0;curitiba;champagnat;3;2
770000.0;curitiba;batel;1;1
750000.0;curitiba;batel;2;2
2604000.0;curitiba;alto da glória;3;3
735000.0;curitiba;água verde;3;2
145000.0;araucária;iguaçu;2;1
230000.0;curitiba;novo mundo;3;1
135000.0;curitiba;uberaba;2;1
130000.0;curitiba;campo santana;2;1
140000.0;almirante tamandaré;jardim roma;2;1
160000.0;araucária;sabiá;3;1
194000.0;curitiba;fazendinha;2;1
210000.0;araucária;cachoeira;2;1
209000.0;curitiba;lindóia;2;1
135000.0;são josé dos pinhais;colonia rio grande;2;1
1350000.0;curitiba;cristo rei;3;3
10851410.62;curitiba;ecoville;4;5
2200000.0;curitiba;água verde;4;3
3000000.0;curitiba;batel;4;3
1850000.0;curitiba;água verde;4;3
2200000.0;curitiba;água verde;4;3
189900.0;araucária;fazenda velha;2;1
355416.0;curitiba;novo mundo;2;1
355416.0;curitiba;novo mundo;3;1
208900.0;curitiba;tingui;1;1
320900.0;curitiba;tingui;2;1
128000.0;curitiba;sítio cercado;2;1
145000.0;almirante tamandaré;botiatuba;2;1
990000.0;curitiba;água verde;3;3
1950000.0;curitiba;juvevê;3;3
1080000.0;curitiba;centro;3;2
5484276.0;curitiba;cabral;3;4
822983.0;curitiba;alto da rua xv;3;1
9048629.0;curitiba;cabral;4;4
236436.0;colombo;jardim osasco;3;
217750.0;curitiba;portão;2;1
175000.0;araucária;iguaçu;2;1
275000.0;curitiba;água verde;2;1
195000.0;curitiba;cidade industrial de curitiba;3;1
149000.0;curitiba;santa cândida;2;1
285000.0;curitiba;água verde;2;
205000.0;curitiba;pinheirinho;2;1
100000.0;campo largo;jardim iruama;2;1
139000.0;curitiba;bairro alto;2;1
220000.0;curitiba;centro;1;
198000.0;curitiba;xaxim;2;1
320000.0;curitiba;portão;3;1
498000.0;curitiba;cabral;3;1
320000.0;curitiba;água verde;1;1
580000.0;curitiba;vila izabel;2;1
320000.0;curitiba;água verde;1;1
750000.0;curitiba;ecoville;3;2
3550000.0;curitiba;ecoville;3;4
1450000.0;curitiba;água verde;3;2
1290000.0;curitiba;batel;3;2
1330000.0;curitiba;juvevê;3;2
1330000.0;curitiba;juvevê;3;2
3562145.0;curitiba;mossunguê;4;4
788032.0;curitiba;cabral;3;2
595000.0;curitiba;centro cívico;3;1
190000.0;curitiba;cidade industrial de curitiba;2;1
800500.0;curitiba;cabral;3;2
184500.0;curitiba;cristo rei;2;
310000.0;curitiba;cabral;3;1
180000.0;curitiba;jardim botânico;2;
150000.0;fazenda rio grande;santa terezinha;2;1
210000.0;quatro barras;jardim orestes thá;2;2
215000.0;são josé dos pinhais;afonso pena;3;1
220000.0;curitiba;cidade industrial de curitiba;3;1
310000.0;curitiba;portão;3;1
262300.0;curitiba;capão raso;2;1
317350.0;curitiba;portão;2;1
289000.0;curitiba;santa quitéria;3;1
723000.0;curitiba;capão raso;3;2
919000.0;curitiba;água verde;3;2
328500.0;curitiba;portão;3;2
230000.0;curitiba;capão raso;3;1
181900.0;araucária;iguaçu;1;1
200000.0;curitiba;boqueirão;3;1
185000.0;curitiba;boa vista;;
190570.0;são josé dos pinhais;italia;1;
228000.0;curitiba;pinheirinho;2;1
3583450.0;curitiba;campo comprido;2;
175000.0;campo largo;jardim iruama;2;1
118000.0;curitiba;tatuquara;2;1
175000.0;curitiba;portão;1;0
115000.0;curitiba;campo santana;2;1
197000.0;curitiba;cidade industrial de curitiba;3;1
168000.0;curitiba;sítio cercado;2;1
344000.0;curitiba;alto da rua xv;2;1
625000.0;curitiba;batel;3;2
650000.0;curitiba;cabral;3;2
1250000.0;curitiba;batel;2;2
1350000.0;curitiba;batel;3;2
185500.0;curitiba;fazendinha;2;1
145000.0;curitiba;barreirinha;2;1
277000.0;araucária;tindiquera;3;1
1490501.68;curitiba;vila izabel;3;2
130000.0;curitiba;cidade industrial de curitiba;2;1
230000.0;curitiba;capão raso;2;2
289000.0;araucária;vila nova;3;1
2170000.0;curitiba;ecoville;4;3
3420000.0;curitiba;água verde;4;4
2835000.0;curitiba;água verde;3;4
3330000.0;curitiba;água verde;3;4
3150000.0;curitiba;água verde;3;4
270000.0;curitiba;água verde;1;1
215000.0;curitiba;sítio cercado;3;1
439000.0;são josé dos pinhais;colonia rio grande;3;1
339954.0;curitiba;vila izabel;2;1
950000.0;curitiba;vila izabel;4;
150000.0;curitiba;uberaba;2;1
230000.0;curitiba;boqueirão;3;1
190000.0;são josé dos pinhais;afonso pena;2;1
154000.0;são josé dos pinhais;colonia rio grande;2;1
799900.0;são josé dos pinhais;bom jesus;3;2
294000.0;curitiba;água verde;1;1
340000.0;curitiba;bigorrilho;2;1
530000.0;curitiba;bigorrilho;3;1
425000.0;curitiba;batel;2;1
520000.0;curitiba;cabral;3;1
970000.0;curitiba;batel;3;2
109000.0;araucária;costeira;1;1
260000.0;curitiba;cristo rei;3;1
348000.0;curitiba;água verde;3;1
1250000.0;curitiba;batel;2;2
164900.0;são josé dos pinhais;cidade jardim;2;1
179900.0;colombo;jardim osasco;2;1
125000.0;araucária;costeira;2;1
214900.0;curitiba;bacacheri;1;0
160000.0;curitiba;campo comprido;3;1
130000.0;araucária;campina da barra;2;1
219900.0;são josé dos pinhais;parque da fonte;2;1
249900.0;são josé dos pinhais;parque da fonte;3;1
360000.0;curitiba;água verde;3;1
250000.0;curitiba;água verde;2;
580000.0;curitiba;jardim botânico;2;1
258000.0;curitiba;boqueirão;2;1
475000.0;curitiba;água verde;2;1
2100000.0;curitiba;champagnat;3;3
1250000.0;curitiba;ahú;4;2
0.0;curitiba;ecoville;4;6
499900.0;curitiba;centro;1;1
598000.0;curitiba;água verde;3;1
161900.0;curitiba;tingui;1;0
210000.0;curitiba;novo mundo;2;1
650000.0;curitiba;alto da rua xv;3;2
230000.0;curitiba;bairro alto;2;1
230000.0;curitiba;bairro alto;2;1
170000.0;araucária;boqueirão;2;1
289000.0;araucária;vila nova;2;1
168000.0;são josé dos pinhais;parque da fonte;2;1
1150000.0;curitiba;champagnat;3;2
450000.0;curitiba;água verde;3;1
850000.0;curitiba;ahú;3;2
125000.0;curitiba;cristo rei;1;0
2700000.0;curitiba;batel;4;3
760000.0;curitiba;champagnat;2;2
665000.0;curitiba;água verde;3;1
463354.0;curitiba;novo mundo;;1
355416.0;curitiba;novo mundo;2;1
215000.0;curitiba;novo mundo;2;1
200000.0;colombo;jardim guaruja;2;1
250000.0;curitiba;tingui;3;1
280000.0;curitiba;hauer;2;1
185000.0;curitiba;alto boqueirão;3;1
228000.0;curitiba;centro;1;1
200000.0;curitiba;alto boqueirão;3;1
245000.0;curitiba;prado velho;1;1
1350000.0;curitiba;centro cívico;4;3
750000.0;curitiba;ecoville;3;1
790000.0;curitiba;batel;3;1
1590000.0;curitiba;ecoville;4;3
750000.0;curitiba;batel;3;1
1900000.0;curitiba;batel;4;3
3990000.0;curitiba;hugo lange;3;4
50000.0;são josé dos pinhais;colonia rio grande;2;1
295000.0;curitiba;lindóia;2;1
95000.0;são josé dos pinhais;rio pequeno;1;1
249000.0;curitiba;novo mundo;3;1
135000.0;curitiba;cidade industrial de curitiba;2;1
160000.0;curitiba;capão da imbuia;3;1
115000.0;araucária;costeira;2;1
135000.0;araucária;campina da barra;2;1
182900.0;araucária;estação;2;1
189000.0;araucária;capela velha;3;1
173900.0;araucária;centro;1;
220000.0;curitiba;boa vista;3;1
229900.0;curitiba;xaxim;2;1
275000.0;curitiba;bacacheri;2;1
585000.0;curitiba;são francisco;2;2
148000.0;araucária;centro;0;0
650000.0;curitiba;centro cívico;3;1
550000.0;curitiba;ecoville;2;1
420000.0;curitiba;água verde;3;1
275000.0;curitiba;portão;3;1
360000.0;curitiba;centro;3;
279000.0;colombo;campo pequeno;3;1
160000.0;campina grande do sul;jardim paulista;2;1
379900.0;curitiba;pinheirinho;2;2
320000.0;curitiba;campina do siqueira;2;1
2900000.0;curitiba;ecoville;3;5
1150000.0;curitiba;hugo lange;3;2
390000.0;curitiba;água verde;3;1
2677248.0;curitiba;juvevê;3;3
1970000.0;curitiba;batel;4;2
758000.0;curitiba;batel;2;1
365000.0;curitiba;bigorrilho;2;1
800000.0;curitiba;ecoville;3;2
980000.0;curitiba;ecoville;3;2
305000.0;curitiba;bigorrilho;1;0
170000.0;curitiba;centro;1;
175000.0;pinhais;planta bairro weissópolis;2;1
1390000.0;curitiba;batel;4;2
350000.0;curitiba;cristo rei;3;
1100000.0;curitiba;batel;2;2
1800000.0;curitiba;ecoville;4;3
585000.0;curitiba;vila izabel;3;1
800000.0;curitiba;batel;3;2
129900.0;araucária;boqueirão;2;1
249000.0;curitiba;bairro alto;2;1
650000.0;curitiba;bigorrilho;4;1
175000.0;araucária;cachoeira;3;1
990000.0;curitiba;mercês;3;2
1300000.0;curitiba;são francisco;3;2
1300000.0;curitiba;água verde;4;2
220000.0;curitiba;bairro alto;2;1
1500000.0;curitiba;juvevê;4;2
730000.0;curitiba;vila izabel;2;1
980000.0;curitiba;bigorrilho;3;2
410000.0;curitiba;jardim das américas;2;1
299800.0;curitiba;boqueirão;3;1
460000.0;pinhais;emiliano perneta;2;1
230000.0;curitiba;portão;3;1
740000.0;curitiba;campo comprido;2;2
190000.0;são josé dos pinhais;italia;2;1
1495000.0;curitiba;batel;4;2
1790000.0;curitiba;ecoville;3;2
2300000.0;curitiba;cabral;3;3
1500000.0;curitiba;cabral;2;3
646521.0;curitiba;ecoville;2;1
500000.0;curitiba;portão;3;1
890000.0;curitiba;vila izabel;3;2
985000.0;curitiba;ecoville;3;4
368000.0;curitiba;água verde;3;2
799000.0;curitiba;alto da rua xv;2;1
660000.0;curitiba;batel;3;1
320000.0;curitiba;cabral;3;2
580000.0;curitiba;batel;3;1
930000.0;curitiba;mercês;2;2
438000.0;curitiba;vila izabel;3;1
130000.0;araucária;costeira;1;1
640000.0;curitiba;campina do siqueira;2;
215000.0;curitiba;capão raso;2;1
365000.0;curitiba;capão raso;3;1
139900.0;curitiba;sítio cercado;2;1
149950.0;araucária;costeira;2;1
4599000.0;curitiba;batel;4;4
1690000.0;curitiba;batel;4;4
1890000.0;curitiba;batel;4;2
168000.0;são josé dos pinhais;afonso pena;2;1
365000.0;curitiba;vila izabel;1;0
185000.0;curitiba;campo comprido;2;1
730000.0;curitiba;bigorrilho;3;1
195000.0;são josé dos pinhais;afonso pena;3;1
1808991.0;curitiba;champagnat;3;3
300000.0;curitiba;centro;1;0
142000.0;curitiba;umbará;2;1
998000.0;curitiba;portão;3;2
620000.0;curitiba;vila izabel;3;2
311493.0;curitiba;cabral;1;1
305000.0;araucária;tindiquera;3;1
396000.0;araucária;tindiquera;3;1
550000.0;curitiba;barreirinha;3;
265000.0;araucária;tindiquera;0;0
309500.0;araucária;tindiquera;2;1
255851.59;curitiba;campo comprido;2;1
264665.68;curitiba;campo comprido;2;1
279504.1;curitiba;campo comprido;3;1
780000.0;são josé dos pinhais;aristocrata;3;2
1950000.0;curitiba;água verde;0;2
400000.0;curitiba;água verde;3;1
4500000.0;curitiba;água verde;4;4
530000.0;curitiba;água verde;2;1
495000.0;curitiba;batel;2;1
175000.0;são josé dos pinhais;afonso pena;3;1
370000.0;curitiba;xaxim;3;1
1200000.0;curitiba;ecoville;3;2
399000.0;curitiba;água verde;2;1
220000.0;curitiba;portão;;
2732353.0;curitiba;batel;4;4
6680000.0;curitiba;ecoville;4;6
165000.0;araucária;capela velha;2;1
235000.0;curitiba;uberaba;2;1
753876.1;curitiba;cabral;2;1
800774.08;curitiba;cabral;2;1
350000.0;curitiba;boqueirão;2;1
590000.0;curitiba;bacacheri;3;1
890000.0;curitiba;centro cívico;3;2
730000.0;curitiba;boa vista;3;2
915000.0;curitiba;ecoville;3;2
420000.0;curitiba;santa quitéria;2;1
958000.0;curitiba;ahú;3;2
